Call_date,Call_id,call_type,Job_id,Response_time,birth_date,Marital_status,Gender,Region_id,Employee_id,Call_result
1/10/2024,2406,Cold,3,,15 1988 8,2,0,2,3,0
1/22/2024,2892,Cold,3,,24 1990 6,1,0,3,5,0
1/23/2024,2788,Cold,3,,30 1978 8,2,0,2,1,1
1/2/2024,2663,Hot,3,1039,18 1983 6,1,1,1,5,1
1/8/2024,2498,Cold,3,,16 1975 10,2,1,4,4,0
1/15/2024,3008,Hot,1,35,8 1997 5,1,0,4,6,1
1/30/2024,2615,Cold,4,,2 1984 3,2,0,4,2,0
1/9/2024,2659,Cold,2,,17 1984 8,2,0,3,3,1
1/10/2024,2813,Cold,2,,13 1988 9,2,0,1,3,1
1/15/2024,2775,Cold,1,,23 1989 1,2,1,1,4,1
1/29/2024,2720,Cold,2,,4 1984 1,2,0,1,2,0
1/9/2024,2622,Hot,5,87,3 1974 5,1,0,3,2,0
1/30/2024,2657,Hot,4,17,4 1976 10,1,0,3,4,1
1/11/2024,2532,Cold,3,,23 1980 3,2,0,1,5,0
1/15/2024,2281,Cold,1,,17 1981 6,1,1,3,2,0
1/23/2024,2331,Cold,3,,14 1983 4,0,1,2,2,0
1/29/2024,2713,Cold,4,,4 1983 6,2,1,1,6,0
1/17/2024,2105,Cold,4,,19 1993 3,0,0,1,2,0
1/5/2024,2319,Cold,1,,13 1994 3,1,1,3,3,1
1/8/2024,2611,Cold,5,,3 1995 4,0,0,1,3,0
1/15/2024,2908,Hot,3,1132,7 1981 6,1,1,2,2,0
1/4/2024,2885,Hot,5,1,17 1995 9,0,0,1,9,1
1/25/2024,2126,Cold,1,,9 1994 9,1,0,6,4,0
1/19/2024,2086,Cold,5,,10 1996 8,0,1,3,7,0
1/8/2024,2135,Cold,2,,15 1990 7,1,1,2,3,0
1/8/2024,2204,Hot,5,56,29 1989 1,1,1,2,4,1
1/21/2024,2041,Hot,3,739,22 1973 8,1,0,3,2,0
1/4/2024,2157,Hot,3,2,9 1982 10,1,1,3,5,1
1/8/2024,2342,Cold,3,,12 1979 9,1,0,3,3,0
1/30/2024,2830,Cold,5,,5 1974 4,1,0,6,6,0
1/8/2024,2702,Hot,5,1,10 1984 8,1,1,3,1,1
1/11/2024,2351,Cold,2,,26 1972 7,1,1,2,4,1
1/15/2024,2003,Cold,4,,27 1995 11,1,0,1,4,0
1/22/2024,2668,Hot,4,111,31 1982 1,1,1,3,3,1
1/24/2024,2952,Cold,3,,2 1980 5,1,0,3,2,0
1/10/2024,2186,Hot,5,1215,2 2005 10,0,1,2,2,0
1/9/2024,2352,Cold,4,,24 1972 2,1,1,1,7,0
1/18/2024,2251,Cold,3,,23 1978 7,1,1,2,4,0
1/8/2024,2346,Cold,2,,3 1982 10,1,1,3,5,0
1/10/2024,2787,Hot,1,97,19 1961 7,1,1,5,5,1
1/23/2024,2821,Hot,5,981,28 1971 8,1,1,3,9,0
1/15/2024,2100,Cold,2,,29 1981 9,1,0,3,4,0
1/12/2024,2522,Hot,5,800,11 1998 4,0,0,1,4,0
1/25/2024,2513,Hot,1,82,18 1978 4,1,0,1,1,1
1/15/2024,2996,Cold,3,,4 1978 2,1,0,4,1,0
1/23/2024,2096,Cold,3,,10 1975 2,,1,3,3,1
1/16/2024,2741,Hot,4,58,30 1987 7,1,0,1,1,1
1/8/2024,2634,Cold,3,,7 1996 11,0,0,1,1,0
1/8/2024,2950,Cold,3,,2 1975 12,1,1,3,3,0
1/18/2024,2170,Hot,1,117,25 1985 1,1,0,1,1,1
1/18/2024,2035,Hot,1,119,13 1998 12,0,1,1,3,1
1/18/2024,2151,Cold,2,,19 1983 6,1,1,2,7,0
1/25/2024,2791,Cold,1,,25 1980 3,1,0,1,4,0
1/29/2024,2055,Cold,5,,27 1981 1,1,0,4,1,0
1/1/2024,2454,Hot,5,1319,22 1980 11,2,0,1,8,0
1/22/2024,2237,Cold,3,,21 1985 10,1,1,1,2,0
1/8/2024,2984,Hot,4,1161,9 1994 11,0,1,3,4,0
1/10/2024,2398,Cold,2,,28 1992 4,0,1,3,3,0
1/16/2024,2842,Cold,4,,28 1976 10,2,0,6,2,0
1/8/2024,3023,Hot,2,60,20 1996 12,0,0,3,9,0
1/10/2024,2091,Hot,3,19,12 1991 6,1,1,1,4,1
1/10/2024,2612,Hot,4,119,21 1971 11,1,0,6,1,0
1/4/2024,2724,Hot,4,50,19 1979 6,1,0,6,2,1
1/11/2024,2329,Cold,2,,31 1998 5,0,0,1,5,0
1/23/2024,2444,Cold,1,,3 1997 8,0,1,2,5,0
1/30/2024,2121,Cold,2,,21 1968 1,1,0,2,4,0
1/10/2024,2567,Cold,5,,2 1972 8,2,0,2,1,0
1/11/2024,2185,Hot,5,76,4 1980 12,1,1,1,6,1
1/19/2024,2994,Cold,2,,10 1997 6,0,0,2,2,0
1/5/2024,2596,Cold,3,,22 1972 12,2,1,3,1,0
1/10/2024,2236,Cold,1,,10 1994 4,2,0,1,3,0
1/12/2024,2134,Cold,2,,1 1984 8,1,1,1,1,1
1/17/2024,2428,Cold,4,,1 1985 2,1,1,2,3,0
1/22/2024,2182,Cold,1,,1 1984 11,2,0,3,3,1
1/29/2024,2453,Cold,3,,31 1988 1,1,0,1,1,0
1/15/2024,2934,Cold,2,,11 1978 8,2,0,6,2,0
1/19/2024,2520,Cold,4,,26 1994 8,0,0,2,2,0
1/11/2024,2916,Cold,4,,16 1984 3,1,1,2,5,0
1/8/2024,2598,Cold,3,,30 1986 4,1,1,2,1,0
1/15/2024,2906,Cold,5,,15 1976 5,1,1,3,3,0
1/16/2024,2287,Cold,2,,2 1975 3,1,1,6,2,0
1/13/2024,2243,Hot,5,83,23 1994 1,0,0,6,7,0
1/19/2024,2009,Cold,5,,19 1979 1,2,0,4,5,0
1/24/2024,2450,Hot,5,43,23 1989 5,1,0,2,4,1
1/26/2024,2516,Hot,3,1957,14 1998 5,0,0,1,1,0
1/11/2024,2346,Cold,2,,3 1982 10,1,1,3,5,0
1/15/2024,2947,Cold,1,,27 1983 2,1,0,1,1,0
1/26/2024,2601,Cold,5,,1 1985 12,1,1,4,2,0
1/17/2024,2658,Cold,3,,9 1993 6,0,0,3,6,0
1/10/2024,2796,Cold,4,,23 1997 5,0,0,1,5,0
1/15/2024,2749,Hot,3,99,8 1980 6,2,0,2,3,1
1/18/2024,2400,Cold,4,,24 1966 2,1,0,2,4,0
1/19/2024,2801,Cold,3,,23 1992 4,0,0,4,3,0
1/5/2024,2967,Hot,4,643,21 1980 1,2,0,1,1,1
1/8/2024,3013,Cold,1,,23 1997 8,0,0,1,6,0
1/24/2024,2550,Hot,5,668,7 1985 11,0,1,2,1,0
1/9/2024,2829,Cold,5,,18 1980 12,1,0,1,1,0
1/12/2024,2535,Hot,3,44,23 1988 3,1,0,1,4,1
1/18/2024,2784,Hot,3,45,27 1996 11,0,0,1,1,1
1/29/2024,2795,Hot,3,57,22 1982 1,1,0,1,2,1
1/3/2024,2845,Hot,5,1925,22 1988 11,1,1,1,1,0
1/17/2024,2748,Hot,2,1641,14 1984 2,1,1,1,6,1
1/5/2024,2883,Cold,2,,27 1980 7,1,0,3,3,0
1/1/2024,2015,Hot,2,244,13 1996 7,1,1,2,5,1
1/9/2024,2514,Cold,5,,21 1982 4,0,0,1,2,0
1/19/2024,2542,Hot,2,120,5 1984 4,1,1,4,1,1
1/20/2024,2386,Hot,5,57,16 1986 4,1,0,1,3,1
1/19/2024,2067,Cold,1,,15 1997 4,0,0,2,7,0
1/26/2024,2328,Cold,5,,2 1974 4,2,1,1,2,0
1/15/2024,2834,Cold,5,,5 1994 10,1,1,1,3,0
1/22/2024,2365,Cold,5,,15 1976 1,2,0,2,1,0
1/18/2024,3023,Hot,2,60,20 1996 12,0,0,3,9,0
1/5/2024,2362,Hot,3,923,10 1975 5,1,1,3,8,0
1/29/2024,2823,Cold,2,,11 1976 8,2,1,2,3,1
1/15/2024,2268,Cold,5,,6 1979 9,1,1,2,1,0
1/17/2024,2672,Hot,1,30,27 1975 8,1,1,1,6,1
1/17/2024,2854,Hot,1,1448,3 1972 4,1,1,1,7,1
1/19/2024,2560,Hot,4,29,13 1996 6,0,1,3,10,1
1/13/2024,2246,Hot,2,36,11 1989 4,1,0,3,3,1
1/29/2024,2464,Cold,5,,27 1968 9,2,1,2,10,0
1/5/2024,3018,Cold,4,,13 1978 12,1,0,1,2,0
1/11/2024,2618,Cold,4,,8 1975 5,2,0,2,6,0
1/19/2024,2715,Hot,4,2,9 1958 10,1,0,1,1,1
1/29/2024,2991,Cold,3,,9 1994 12,1,1,1,4,0
1/31/2024,2997,Cold,3,,23 1975 6,1,0,3,8,0
1/5/2024,2350,Cold,3,,3 1975 3,2,1,3,2,0
1/29/2024,2019,Cold,3,,28 1981 9,2,1,1,3,0
1/1/2024,2712,Hot,3,85,25 1990 4,1,0,2,5,1
1/9/2024,2773,Cold,1,,23 1985 12,1,0,1,2,0
1/22/2024,2894,Cold,1,,20 1997 6,0,0,2,1,0
1/9/2024,2343,Cold,5,,25 1978 8,1,0,1,6,0
1/18/2024,2391,Cold,2,,20 2001 3,2,1,6,1,0
1/8/2024,2234,Cold,1,,9 1977 2,2,1,3,3,1
1/15/2024,2371,Cold,2,,6 1989 7,2,0,1,3,0
1/15/2024,2968,Cold,5,,9 1987 6,2,1,2,5,0
1/22/2024,2259,Hot,4,72,4 1986 11,1,0,1,5,1
1/25/2024,2785,Cold,4,,13 1984 11,2,0,1,7,0
1/8/2024,2354,Cold,5,,23 2004 5,,0,1,4,0
1/29/2024,2317,Cold,4,,17 1971 1,1,0,5,1,0
1/14/2024,2078,Hot,1,81,8 1997 7,0,1,2,1,1
1/26/2024,2938,Cold,2,,12 1982 11,1,0,3,2,0
1/22/2024,2254,Hot,5,1564,13 1978 7,1,0,1,2,0
1/7/2024,2944,Hot,3,85,31 1980 5,1,0,6,5,0
1/30/2024,2569,Hot,1,70,5 1977 10,1,1,4,5,1
1/26/2024,2873,Cold,5,,8 1973 3,1,0,1,4,0
1/5/2024,2379,Cold,5,,6 1996 7,0,1,2,5,0
1/25/2024,2920,Cold,4,,11 1972 3,,0,4,1,0
1/29/2024,2180,Cold,4,,2 1965 2,1,0,2,10,0
1/29/2024,2752,Hot,3,1169,18 1982 6,1,1,2,2,0
1/14/2024,3022,Hot,2,984,1 1997 2,1,0,1,1,0
1/15/2024,2471,Cold,1,,9 1959 3,1,0,2,1,0
1/22/2024,2670,Hot,4,1511,5 1996 7,0,0,1,1,0
1/26/2024,2688,Cold,1,,14 1993 6,2,0,1,1,1
1/11/2024,2312,Cold,5,,25 1988 3,1,0,2,1,0
1/15/2024,2701,Cold,3,,9 1983 2,2,1,3,6,0
1/30/2024,2971,Cold,5,,20 1978 12,1,0,2,2,0
1/9/2024,3027,Cold,5,,23 1995 6,0,0,2,2,0
1/4/2024,2528,Hot,5,97,13 1989 1,0,0,2,1,0
1/4/2024,2898,Hot,4,3,2 1975 1,1,0,3,3,1
1/19/2024,2432,Cold,1,,1 1988 7,0,1,4,4,1
1/6/2024,2303,Hot,2,100,24 1978 6,1,0,1,2,1
1/12/2024,2989,Cold,1,,25 1976 5,1,1,1,2,1
1/15/2024,2570,Hot,1,1027,29 1997 6,0,0,6,3,0
1/17/2024,2819,Hot,1,75,8 1980 10,1,0,3,7,1
1/3/2024,2258,Hot,4,1579,14 1982 1,1,1,2,1,0
1/15/2024,3014,Hot,3,76,27 1997 8,0,0,4,4,1
1/9/2024,2776,Cold,4,,11 1994 5,2,0,3,2,0
1/16/2024,2588,Hot,3,524,1 1994 12,0,0,2,3,0
1/14/2024,2559,Hot,1,78,25 1975 7,1,1,4,6,1
1/15/2024,2602,Cold,3,,25 1986 7,2,1,2,7,0
1/31/2024,2246,Hot,2,36,11 1989 4,1,0,3,3,1
1/20/2024,2985,Hot,5,72,18 1980 6,1,1,1,3,1
1/10/2024,2008,Cold,3,,23 1976 5,1,0,3,5,0
1/24/2024,2308,Cold,2,,3 1982 7,2,0,1,1,1
1/15/2024,2774,Cold,5,,10 1986 10,0,0,1,1,0
1/10/2024,2893,Cold,4,,19 1977 7,2,0,3,4,0
1/15/2024,2001,Cold,4,,8 1982 3,1,0,5,10,0
1/15/2024,2578,Cold,5,,10 1969 5,1,0,1,1,0
1/5/2024,2373,Cold,4,,20 1991 4,0,1,3,3,0
1/19/2024,2605,Cold,2,,5 1991 7,0,0,1,5,0
1/12/2024,2093,Hot,3,708,24 1962 9,,0,2,3,0
1/30/2024,2452,Cold,3,,26 1981 11,1,1,3,5,0
1/23/2024,2089,Cold,5,,9 1997 12,0,1,6,6,0
1/24/2024,2049,Cold,3,,25 1989 2,2,0,3,5,0
1/22/2024,2758,Hot,4,56,29 1982 12,1,0,1,4,1
1/29/2024,2521,Cold,5,,2 1980 4,1,0,3,1,0
1/12/2024,2285,Hot,2,1220,26 1985 8,1,1,1,10,0
1/14/2024,2185,Hot,5,76,4 1980 12,1,1,1,6,1
1/2/2024,2299,Hot,5,87,7 1988 7,1,0,4,2,0
1/29/2024,2761,Cold,1,,17 1996 5,0,0,1,1,1
1/21/2024,2310,Hot,4,104,13 1979 11,2,1,3,5,1
1/16/2024,2600,Cold,5,,5 1997 11,0,1,2,1,0
1/30/2024,2583,Cold,5,,28 1997 9,1,1,2,1,0
1/6/2024,2786,Hot,3,78,17 1988 2,1,0,4,1,0
1/8/2024,2213,Cold,4,,2 1988 1,0,1,2,3,0
1/17/2024,2855,Cold,5,,18 1985 4,2,0,4,4,0
1/8/2024,2455,Cold,2,,14 1978 11,1,1,5,4,0
1/16/2024,2635,Cold,2,,31 1975 1,2,1,4,7,0
1/21/2024,2581,Hot,5,38,10 1967 1,1,1,3,2,1
1/29/2024,2846,Cold,3,,26 1979 3,1,1,2,2,0
1/5/2024,2962,Cold,2,,23 1987 3,1,1,2,2,1
1/9/2024,2476,Cold,3,,18 1983 2,2,0,2,4,0
1/16/2024,2710,Hot,2,1508,24 1979 3,1,1,2,2,1
1/9/2024,2109,Cold,2,,15 1980 5,2,1,2,10,0
1/29/2024,2460,Cold,1,,5 1987 6,2,1,2,2,1
1/29/2024,2297,Cold,3,,29 1986 12,2,0,1,3,1
1/17/2024,2239,Cold,3,,16 1975 8,1,0,4,2,0
1/5/2024,2877,Cold,1,,28 1991 9,1,0,2,6,0
1/8/2024,2456,Cold,2,,20 1980 2,2,1,1,2,1
1/21/2024,2769,Hot,5,43,26 1965 12,,0,2,6,0
1/31/2024,2314,Cold,2,,25 1997 5,0,0,3,2,0
1/27/2024,2840,Hot,5,43,29 1977 5,1,0,1,4,1
1/12/2024,2976,Hot,5,100,22 1997 2,0,1,3,5,0
1/22/2024,2190,Cold,3,,4 1998 11,0,1,2,2,0
1/22/2024,2651,Cold,5,,27 1984 6,1,0,3,1,0
1/5/2024,2223,Cold,5,,14 2002 9,0,1,2,3,0
1/18/2024,2393,Cold,3,,16 1982 10,2,0,4,7,0
1/8/2024,2794,Cold,4,,22 1988 8,0,1,1,2,0
1/5/2024,2547,Cold,3,,25 1997 10,0,0,1,3,0
1/10/2024,2625,Cold,2,,2 1988 8,0,0,3,4,0
1/8/2024,2868,Hot,3,111,20 1979 10,2,0,1,2,1
1/27/2024,2901,Hot,1,1913,30 1975 3,1,1,2,3,1
1/1/2024,2439,Hot,5,518,14 1975 9,,0,1,7,0
1/3/2024,2335,Hot,5,1428,10 1979 8,1,0,1,3,0
1/16/2024,2954,Cold,3,,4 1981 5,2,0,1,7,0
1/17/2024,2836,Cold,5,,26 1990 3,2,1,1,1,1
1/17/2024,2519,Cold,3,,25 1978 1,1,1,3,2,0
1/1/2024,2006,Hot,3,119,30 1979 12,1,0,1,8,0
1/8/2024,2330,Cold,1,,12 1980 11,2,0,1,4,1
1/8/2024,2576,Cold,3,,15 1984 5,1,1,3,3,0
1/8/2024,2685,Hot,4,81,3 1977 6,1,1,1,1,1
1/16/2024,2718,Hot,1,51,7 1972 1,1,0,4,5,1
1/29/2024,2841,Cold,4,,9 1977 5,2,0,5,1,0
1/9/2024,2442,Cold,3,,23 1972 3,,0,2,4,0
1/14/2024,2173,Hot,2,116,25 1985 10,1,0,4,1,0
1/8/2024,2887,Cold,1,,1 1981 6,1,1,1,2,1
1/29/2024,2594,Cold,5,,23 1995 5,0,1,1,2,0
1/10/2024,2781,Cold,3,,13 1981 12,2,1,1,7,0
1/18/2024,2725,Hot,1,73,7 1983 5,1,1,1,1,1
1/22/2024,2144,Hot,1,78,29 1994 9,0,1,1,7,1
1/29/2024,2694,Cold,5,,20 1998 4,0,0,3,4,0
1/22/2024,2539,Hot,3,46,13 1989 2,1,0,2,2,1
1/22/2024,2889,Cold,5,,24 1989 9,2,0,1,6,0
1/25/2024,2286,Hot,5,32,9 1984 12,0,1,2,2,1
1/23/2024,2202,Cold,1,,27 1974 1,2,0,4,1,0
1/9/2024,2624,Cold,4,,31 1992 12,0,0,5,2,0
1/26/2024,2249,Cold,3,,7 1996 1,0,0,2,2,0
1/28/2024,2080,Hot,2,755,3 1998 4,0,0,1,1,0
1/29/2024,2274,Cold,3,,14 1995 7,0,0,1,3,0
1/8/2024,2056,Cold,1,,8 2001 6,0,0,5,1,0
1/15/2024,2928,Cold,3,,20 1982 8,2,0,1,3,0
1/29/2024,2539,Hot,3,46,13 1989 2,1,0,2,2,1
1/22/2024,2646,Hot,1,70,20 1977 7,1,1,1,1,1
1/18/2024,2231,Cold,5,,29 1994 10,1,1,4,3,0
1/9/2024,2837,Cold,2,,28 1980 9,1,0,1,2,1
1/11/2024,2548,Cold,3,,7 1979 7,2,1,1,2,1
1/15/2024,2325,Cold,5,,22 1975 8,1,0,3,4,0
1/8/2024,2327,Cold,2,,20 1988 2,1,0,2,2,0
1/18/2024,2209,Cold,5,,31 2002 1,0,0,6,5,0
1/5/2024,2073,Cold,4,,18 1972 10,1,0,3,3,0
1/22/2024,2359,Cold,1,,26 1965 5,1,0,2,2,1
1/31/2024,2167,Hot,5,964,8 1998 4,1,0,3,3,0
1/27/2024,2642,Hot,4,874,31 1997 3,0,0,2,1,0
1/15/2024,2912,Cold,1,,29 1972 3,1,0,4,1,0
1/8/2024,2094,Cold,5,,27 1976 3,2,0,6,7,0
1/15/2024,2229,Hot,4,71,15 1990 8,0,0,1,6,0
1/8/2024,2756,Cold,1,,10 1981 9,2,1,2,1,1
1/14/2024,2753,Hot,1,116,28 1987 12,1,0,3,1,1
1/17/2024,2609,Hot,4,40,22 1984 4,1,1,1,1,1
1/11/2024,2982,Cold,3,,6 1980 2,2,0,3,8,0
1/3/2024,2394,Hot,5,106,10 1988 5,0,0,2,3,0
1/18/2024,2020,Hot,4,659,15 1990 1,0,0,4,5,0
1/9/2024,2276,Cold,1,,17 1997 6,0,1,1,2,0
1/19/2024,2435,Hot,3,63,31 1997 3,0,0,2,1,0
1/15/2024,2660,Cold,3,,21 1974 12,1,0,2,4,0
1/23/2024,3001,Hot,5,25,25 2002 6,0,0,1,4,1
1/30/2024,2423,Cold,2,,2 1997 9,2,1,3,2,1
1/29/2024,2163,Cold,3,,20 1998 1,0,0,4,2,0
1/11/2024,2092,Cold,3,,14 1972 11,2,1,2,2,1
1/9/2024,2915,Cold,3,,12 1995 12,2,0,1,6,1
1/10/2024,2778,Hot,3,1153,18 1978 9,1,1,1,3,1
1/16/2024,2125,Cold,5,,29 1977 3,1,0,1,8,0
1/22/2024,2765,Cold,4,,28 1985 2,0,1,1,5,0
1/27/2024,2708,Hot,5,1,29 1976 8,1,1,1,5,1
1/11/2024,3026,Hot,3,753,2 1996 8,0,1,5,1,0
1/4/2024,2983,Hot,3,1687,9 1980 6,1,0,4,6,0
1/22/2024,2828,Cold,1,,29 1975 4,2,0,1,1,0
1/5/2024,2506,Hot,1,1158,30 1992 11,0,1,1,3,1
1/27/2024,2141,Hot,3,49,15 1971 10,1,0,2,1,1
1/12/2024,2744,Hot,1,48,29 1968 10,1,1,4,2,1
1/18/2024,2336,Hot,5,41,12 1993 8,0,1,1,2,1
1/29/2024,2193,Cold,5,,24 1986 5,1,1,3,9,0
1/8/2024,2208,Cold,3,,16 1984 7,1,1,1,1,1
1/6/2024,2240,Hot,4,1000,14 1996 8,0,0,4,1,0
1/17/2024,2620,Cold,5,,13 1986 8,1,1,3,2,0
1/22/2024,2077,Hot,2,57,3 1976 12,1,0,1,1,1
1/17/2024,3005,Hot,5,1870,6 1983 11,0,0,1,2,0
1/5/2024,2656,Hot,5,30,28 1996 5,0,0,1,7,1
1/22/2024,2116,Cold,3,,18 1976 6,2,0,1,2,1
1/9/2024,2811,Cold,4,,3 1982 5,1,0,4,4,0
1/19/2024,2815,Hot,5,55,22 2002 8,0,0,3,6,1
1/18/2024,2536,Cold,3,,15 1992 2,2,1,1,5,0
1/28/2024,2356,Hot,3,270,30 1975 6,1,1,1,3,1
1/10/2024,2292,Cold,2,,8 1971 6,2,1,1,1,1
1/14/2024,2832,Hot,2,1466,4 1977 2,1,0,1,2,1
1/17/2024,2714,Hot,1,83,23 1982 10,1,0,3,6,1
1/19/2024,2260,Hot,5,1607,13 1969 4,1,0,1,2,0
1/10/2024,2736,Cold,1,,26 1991 7,1,0,3,3,0
1/24/2024,2964,Cold,5,,24 1988 10,2,0,3,1,0
1/8/2024,2161,Cold,1,,11 1976 9,2,0,3,1,1
1/8/2024,2298,Cold,1,,24 1982 2,1,1,3,5,1
1/24/2024,2018,Cold,1,,21 1986 11,1,0,3,2,1
1/30/2024,2657,Hot,4,17,4 1976 10,1,0,3,4,1
1/7/2024,2731,Hot,1,83,12 1976 11,1,1,2,2,1
1/9/2024,2012,Cold,2,,16 1980 10,1,0,4,3,0
1/15/2024,2558,Cold,4,,1 1960 3,1,1,1,4,0
1/22/2024,2825,Cold,1,,23 1999 12,,1,2,1,1
1/27/2024,2777,Hot,3,97,11 1991 8,1,0,3,6,1
1/25/2024,2760,Cold,5,,5 1985 7,2,0,1,1,0
1/29/2024,2347,Cold,3,,13 1990 7,1,0,2,1,0
1/22/2024,2965,Cold,4,,23 1995 2,2,0,2,1,0
1/9/2024,2562,Cold,4,,3 1984 5,1,1,3,2,0
1/22/2024,2857,Cold,2,,27 1983 3,2,1,1,5,1
1/24/2024,2597,Cold,2,,8 1972 8,1,0,2,3,1
1/17/2024,2145,Cold,5,,29 1979 8,2,1,1,6,0
1/19/2024,2061,Cold,5,,8 2003 3,,1,1,6,1
1/8/2024,2172,Cold,2,,18 1966 4,2,0,4,2,1
1/10/2024,2337,Cold,4,,26 1982 1,1,0,1,2,0
1/19/2024,3017,Cold,3,,19 1997 11,0,0,1,2,0
1/9/2024,2157,Hot,3,2,9 1982 10,1,1,3,5,1
1/21/2024,2862,Hot,1,723,16 1987 6,1,0,4,1,1
1/10/2024,2537,Cold,2,,31 1986 7,2,1,2,5,1
1/3/2024,2303,Hot,2,100,24 1978 6,1,0,1,2,1
1/23/2024,2099,Cold,3,,11 1996 12,2,0,1,2,1
1/18/2024,2383,Hot,4,19,26 1979 7,1,1,2,2,1
1/10/2024,2879,Cold,3,,30 1993 5,1,0,1,1,1
1/11/2024,2283,Cold,1,,15 1993 3,1,1,1,6,1
1/18/2024,2436,Hot,4,87,4 1989 9,1,0,1,4,0
1/15/2024,2222,Cold,1,,13 1991 1,0,1,1,1,1
1/22/2024,2048,Cold,2,,8 1982 4,1,1,3,4,1
1/26/2024,2599,Cold,3,,18 1971 1,2,0,4,4,0
1/11/2024,2263,Cold,3,,1 1996 2,0,0,6,1,0
1/29/2024,2995,Cold,3,,5 1994 11,1,0,3,4,0
1/25/2024,2211,Hot,5,67,4 1974 3,1,0,2,2,0
1/9/2024,2742,Hot,5,1029,29 1974 6,1,0,1,3,0
1/15/2024,2883,Cold,2,,27 1980 7,1,0,3,3,0
1/15/2024,2575,Cold,4,,12 1969 11,2,0,2,2,0
1/31/2024,2804,Cold,2,,21 1989 7,2,0,2,7,0
1/8/2024,2572,Hot,3,1782,28 1979 7,1,1,3,5,1
1/31/2024,2970,Cold,3,,24 1985 5,2,1,2,4,1
1/15/2024,2434,Cold,1,,23 1989 1,0,0,3,1,0
1/16/2024,2387,Cold,3,,16 1974 2,1,0,3,2,0
1/22/2024,2140,Cold,3,,28 1987 11,0,1,1,4,0
1/25/2024,2392,Hot,4,20,11 1987 6,1,1,1,1,1
1/5/2024,3025,Cold,3,,10 1984 1,1,0,1,5,0
1/9/2024,2351,Cold,2,,26 1972 7,1,1,2,4,1
1/1/2024,2673,Hot,1,109,9 1990 10,1,0,6,1,1
1/12/2024,2869,Hot,4,61,30 1971 10,1,0,1,3,0
1/8/2024,2687,Hot,3,2,6 1989 11,0,0,1,2,1
1/10/2024,2703,Cold,4,,24 1996 7,0,1,1,8,0
1/21/2024,2493,Hot,3,293,29 1988 3,1,0,1,2,1
1/24/2024,2563,Cold,1,,3 1990 2,0,0,6,5,0
1/24/2024,2630,Cold,4,,25 1989 7,0,0,3,6,0
1/3/2024,2608,Hot,3,93,31 1969 12,1,1,3,2,0
1/15/2024,2106,Cold,3,,8 1985 2,2,0,1,1,0
1/17/2024,2266,Cold,5,,24 1979 3,2,0,1,2,0
1/8/2024,2090,Cold,5,,9 1987 3,1,1,1,3,0
1/21/2024,2368,Hot,5,1993,2 1992 6,1,0,2,3,0
1/9/2024,2634,Cold,3,,7 1996 11,0,0,1,1,0
1/14/2024,2585,Hot,4,10,2 1996 12,0,1,1,6,1
1/5/2024,2831,Cold,4,,27 1983 3,1,0,2,2,0
1/19/2024,2692,Cold,1,,28 1988 9,2,0,3,1,0
1/22/2024,2917,Hot,3,1718,21 1983 8,1,0,4,3,0
1/31/2024,2034,Hot,5,11,19 1974 8,1,0,1,4,1
1/26/2024,2153,Hot,1,1664,29 1984 2,1,0,5,5,1
1/12/2024,2468,Cold,4,,27 1993 2,1,0,2,7,0
1/15/2024,2768,Cold,5,,17 1974 9,1,1,6,3,0
1/8/2024,2641,Cold,2,,8 1997 2,0,1,3,10,0
1/29/2024,2267,Cold,3,,26 2001 12,0,0,2,1,0
1/8/2024,2433,Cold,2,,12 1989 9,1,0,1,2,1
1/21/2024,2631,Hot,5,169,12 1972 7,1,1,5,10,0
1/8/2024,2154,Hot,5,657,17 1984 1,1,1,3,1,0
1/10/2024,2113,Hot,3,28,14 1996 11,0,1,2,3,1
1/15/2024,2007,Hot,2,683,28 1965 11,1,0,1,5,1
1/22/2024,2051,Cold,5,,8 2003 10,,1,1,1,1
1/19/2024,2850,Cold,2,,22 1990 4,0,1,3,2,1
1/29/2024,2296,Cold,1,,5 1960 3,2,0,2,1,1
1/11/2024,2529,Cold,3,,30 1984 10,2,1,1,3,0
1/23/2024,2115,Hot,5,903,17 1982 8,1,1,1,9,0
1/22/2024,2999,Hot,5,1284,12 1988 5,0,1,6,2,0
1/12/2024,2360,Hot,1,60,28 1987 1,1,0,1,1,1
1/11/2024,2690,Cold,1,,15 1997 11,0,1,2,1,1
1/8/2024,2196,Cold,3,,12 1981 5,2,1,5,5,0
1/28/2024,2184,Hot,4,42,21 1980 7,1,0,3,2,1
1/20/2024,2870,Hot,1,1000,30 1981 10,1,0,3,1,1
1/26/2024,2993,Cold,3,,25 1975 4,2,0,2,2,0
1/30/2024,2593,Cold,3,,23 1994 9,2,1,1,1,0
1/8/2024,2494,Hot,1,85,29 1970 10,,0,3,2,1
1/31/2024,2181,Hot,4,1171,20 1979 3,2,0,1,2,0
1/19/2024,2684,Cold,3,,13 1998 3,2,0,4,2,0
1/3/2024,2510,Hot,4,68,7 1990 5,1,0,1,4,0
1/11/2024,2293,Hot,3,118,19 1996 11,0,1,6,1,0
1/15/2024,2306,Cold,3,,18 1966 7,2,0,4,6,0
1/18/2024,2652,Cold,3,,30 1989 12,0,0,1,7,0
1/31/2024,2012,Cold,2,,16 1980 10,1,0,4,3,0
1/8/2024,2843,Cold,2,,28 1998 5,0,0,3,1,0
1/29/2024,2717,Hot,2,91,27 1978 7,1,1,2,6,1
1/31/2024,2383,Hot,4,19,26 1979 7,1,1,2,2,1
1/10/2024,2457,Hot,4,6,17 1985 5,1,1,4,4,1
1/22/2024,2859,Cold,5,,11 1989 9,2,0,3,4,0
1/23/2024,3030,Hot,5,11,30 2004 1,,1,2,2,1
1/10/2024,2811,Cold,4,,3 1982 5,1,0,4,4,0
1/18/2024,2320,Cold,3,,21 1977 9,2,1,4,5,0
1/25/2024,2591,Cold,1,,8 1985 9,2,1,2,1,1
1/8/2024,2817,Cold,3,,12 1976 1,2,0,3,1,0
1/18/2024,2305,Hot,3,38,26 1986 3,1,1,2,2,1
1/9/2024,2195,Cold,2,,28 1998 5,2,1,3,1,0
1/7/2024,2639,Hot,3,801,20 1993 10,2,0,3,2,0
1/25/2024,2147,Hot,3,83,8 1991 8,1,0,4,3,1
1/29/2024,2039,Cold,3,,1 1985 11,1,0,1,1,0
1/30/2024,2129,Cold,1,,16 1978 2,2,1,2,4,1
1/13/2024,2975,Hot,3,82,10 1991 3,1,0,1,5,1
1/30/2024,2950,Cold,3,,2 1975 12,1,1,3,3,0
1/28/2024,3006,Hot,3,43,20 1994 11,1,1,4,2,1
1/10/2024,2053,Cold,3,,23 1981 7,2,1,4,2,0
1/8/2024,2616,Hot,3,255,19 1980 10,1,1,3,3,1
1/10/2024,2123,Cold,2,,25 1998 5,0,1,3,4,0
1/26/2024,2174,Hot,3,749,1 1998 10,,0,1,6,0
1/31/2024,2771,Cold,3,,17 1978 8,1,0,3,1,0
1/15/2024,2349,Hot,5,57,15 1977 10,1,0,3,2,1
1/30/2024,2998,Hot,3,101,27 1991 9,1,0,1,1,1
1/8/2024,2075,Hot,3,54,12 1980 2,1,0,1,6,1
1/12/2024,2933,Cold,4,,6 1983 11,1,0,1,2,0
1/23/2024,2065,Cold,2,,27 1986 3,2,0,1,1,0
1/29/2024,2166,Hot,3,52,6 2001 2,1,1,1,4,1
1/25/2024,2722,Cold,2,,20 1992 5,1,1,3,4,0
1/29/2024,2729,Cold,5,,5 1979 12,2,1,3,4,0
1/29/2024,3012,Cold,1,,19 1993 10,1,1,3,5,0
1/8/2024,2256,Cold,1,,30 1988 11,2,0,2,6,0
1/11/2024,2322,Cold,3,,23 1987 10,1,1,3,6,0
1/15/2024,2210,Cold,5,,18 1996 10,0,0,1,2,0
1/17/2024,2876,Cold,5,,28 1977 3,1,1,2,2,0
1/18/2024,2474,Cold,1,,14 2001 8,1,1,1,2,1
1/8/2024,2037,Cold,2,,2 2001 4,0,0,1,3,0
1/10/2024,2095,Cold,4,,17 1979 1,0,1,1,5,0
1/9/2024,2426,Cold,4,,26 1982 7,1,1,1,9,0
1/8/2024,2334,Cold,2,,8 1971 4,2,0,3,10,0
1/12/2024,2872,Cold,2,,10 1980 12,2,1,1,2,1
1/1/2024,2864,Hot,2,868,23 1991 11,1,0,6,3,0
1/22/2024,2747,Hot,3,626,11 1969 11,1,0,2,2,0
1/25/2024,2910,Cold,2,,23 1995 12,1,1,5,3,0
1/5/2024,2058,Cold,3,,13 1998 2,0,1,1,6,0
1/22/2024,2931,Cold,3,,8 1985 4,1,0,2,3,0
1/13/2024,2757,Hot,5,58,22 1990 6,0,1,3,3,1
1/8/2024,2495,Cold,5,,14 1977 4,2,0,3,2,0
1/8/2024,2269,Cold,1,,9 1984 11,1,0,3,1,0
1/22/2024,2869,Hot,4,61,30 1971 10,1,0,1,3,0
1/15/2024,2192,Cold,4,,7 1969 1,1,1,3,1,0
1/19/2024,2800,Cold,5,,17 1974 7,1,0,2,1,0
1/6/2024,2420,Hot,5,1715,26 1978 11,1,0,2,2,0
1/15/2024,2366,Cold,5,,23 1982 11,2,0,1,1,0
1/16/2024,2416,Cold,1,,6 1984 9,1,0,1,4,1
1/12/2024,2936,Hot,1,103,25 1986 1,1,1,2,6,1
1/29/2024,2031,Cold,3,,7 1974 12,1,1,3,5,0
1/8/2024,2863,Cold,4,,19 1980 10,1,0,1,4,0
1/19/2024,2515,Hot,1,22,29 1988 2,1,0,3,3,1
1/12/2024,2384,Cold,3,,4 1979 7,1,0,1,1,1
1/8/2024,2735,Cold,5,,5 1975 12,2,0,1,3,0
1/17/2024,2002,Cold,3,,4 1977 8,2,0,1,1,0
1/10/2024,2271,Cold,3,,27 1978 8,2,0,1,1,1
1/20/2024,2146,Hot,4,1283,16 1972 10,1,0,4,5,0
1/15/2024,2043,Cold,1,,1 1996 11,0,0,3,2,0
1/22/2024,2370,Cold,3,,11 1975 8,1,1,1,7,0
1/5/2024,2895,Cold,4,,26 1996 8,0,0,1,7,0
1/10/2024,2584,Cold,1,,4 1989 5,2,0,1,3,1
1/15/2024,2408,Cold,4,,4 1977 10,1,0,1,2,0
1/31/2024,2700,Cold,3,,28 1984 9,1,1,1,1,1
1/8/2024,2492,Cold,3,,5 1998 9,0,0,3,3,0
1/9/2024,2577,Hot,3,13,13 1988 11,0,0,5,6,1
1/18/2024,2224,Hot,1,5,3 1990 6,1,0,1,1,1
1/29/2024,3020,Cold,4,,12 1990 3,2,1,1,2,1
1/16/2024,2165,Hot,4,64,31 1990 10,1,1,2,2,0
1/15/2024,2323,Cold,5,,9 1983 7,2,1,1,1,0
1/22/2024,2554,Cold,5,,18 1982 1,2,0,1,1,0
1/18/2024,2745,Cold,5,,5 1992 12,1,1,1,4,0
1/24/2024,2401,Hot,1,89,12 1998 7,0,0,3,1,1
1/22/2024,2524,Cold,3,,27 1975 7,1,0,5,2,0
1/22/2024,2378,Cold,3,,19 1977 9,1,1,4,2,0
1/27/2024,2078,Hot,1,81,8 1997 7,0,1,2,1,1
1/8/2024,2738,Cold,4,,15 1979 4,2,1,2,4,0
1/18/2024,2108,Cold,2,,22 1987 10,2,1,2,6,1
1/29/2024,2253,Cold,3,,8 1975 12,2,0,3,1,0
1/16/2024,2686,Cold,4,,13 1987 12,1,1,3,1,0
1/10/2024,2405,Cold,5,,27 1983 2,1,1,2,3,0
1/17/2024,2696,Hot,4,72,11 1976 10,1,0,6,2,0
1/5/2024,2045,Cold,3,,27 1993 5,2,1,2,5,1
1/31/2024,2805,Hot,3,1162,15 1984 8,1,1,4,1,0
1/7/2024,2413,Hot,2,662,3 1975 6,1,0,2,5,1
1/8/2024,2556,Cold,2,,25 1977 1,2,1,1,6,0
1/31/2024,2583,Cold,5,,28 1997 9,1,1,2,1,0
1/26/2024,2162,Cold,1,,15 1974 9,2,0,1,1,1
1/10/2024,2527,Hot,2,46,3 1984 3,1,0,2,3,1
1/15/2024,2472,Cold,2,,10 1983 12,1,1,1,6,0
1/31/2024,2047,Cold,5,,4 1976 1,2,0,2,7,0
1/16/2024,2949,Cold,2,,14 1985 6,2,0,2,5,1
1/8/2024,2632,Cold,2,,10 1991 2,2,1,3,3,1
1/29/2024,2074,Cold,5,,28 1970 6,1,0,3,4,0
1/31/2024,2662,Hot,4,348,8 1994 2,0,0,1,1,1
1/25/2024,2874,Cold,3,,24 1980 8,1,0,1,4,1
1/21/2024,2247,Hot,3,49,25 1971 12,1,1,2,5,1
1/9/2024,2168,Hot,5,6,30 1978 4,1,1,3,2,1
1/8/2024,2523,Cold,4,,8 1987 6,0,0,4,7,0
1/8/2024,2640,Cold,2,,7 1965 2,2,0,1,4,0
1/19/2024,2411,Cold,5,,20 1984 12,1,0,1,3,0
1/11/2024,2374,Cold,3,,10 1983 10,2,0,1,4,0
1/14/2024,2467,Hot,5,1959,2 1991 3,1,1,1,5,0
1/16/2024,2617,Cold,2,,1 1987 4,1,1,3,2,1
1/29/2024,2222,Cold,1,,13 1991 1,0,1,1,1,1
1/22/2024,2469,Cold,4,,21 1981 8,2,1,1,3,0
1/8/2024,2277,Cold,3,,2 1979 3,1,0,4,3,0
1/11/2024,2509,Hot,1,113,18 1976 5,1,0,3,3,1
1/5/2024,2904,Hot,4,614,13 1979 1,2,1,1,4,1
1/10/2024,2137,Cold,4,,11 1977 1,1,0,3,2,0
1/20/2024,2250,Hot,2,82,22 1982 10,1,1,3,2,1
1/4/2024,2273,Hot,4,1325,17 1979 6,2,1,3,1,1
1/16/2024,2943,Cold,3,,8 1976 10,2,1,3,2,0
1/30/2024,2779,Cold,3,,10 1987 7,2,0,2,2,0
1/1/2024,2040,Hot,5,968,6 1979 3,1,0,1,4,0
1/8/2024,2937,Cold,1,,19 1988 11,1,1,6,2,0
1/7/2024,2282,Hot,1,106,8 1994 4,0,0,3,8,0
1/10/2024,2063,Hot,3,49,10 1985 3,1,0,4,4,1
1/19/2024,2060,Cold,3,,18 1981 10,2,0,4,1,0
1/29/2024,2429,Cold,2,,23 1977 10,1,0,2,5,0
1/17/2024,2739,Cold,5,,10 1998 8,0,0,2,3,0
1/30/2024,2076,Hot,4,1428,25 1991 12,0,0,1,4,0
1/30/2024,2666,Hot,5,87,3 1981 8,1,0,2,5,0
1/25/2024,2270,Cold,2,,5 1989 8,1,1,5,3,0
1/8/2024,2228,Cold,5,,19 1969 12,1,0,1,6,0
1/25/2024,2725,Hot,1,73,7 1983 5,1,1,1,1,1
1/10/2024,2781,Cold,3,,13 1981 12,2,1,1,7,0
1/1/2024,3030,Hot,5,11,30 2004 1,,1,2,2,1
1/26/2024,2021,Cold,3,,23 1996 5,0,1,1,2,1
1/31/2024,2024,Hot,2,72,1 1978 7,1,1,4,1,1
1/23/2024,2449,Cold,4,,6 1969 1,1,0,3,3,0
1/31/2024,2505,Hot,4,14,18 1972 1,1,0,3,4,1
1/8/2024,2385,Cold,1,,14 1998 8,0,1,3,2,0
1/15/2024,2645,Hot,1,748,24 1998 5,0,0,3,3,0
1/19/2024,2238,Hot,1,66,21 1998 1,0,0,1,3,0
1/11/2024,2881,Cold,4,,18 1990 10,1,1,4,3,0
1/16/2024,2057,Cold,4,,30 1978 11,2,1,1,5,0
1/8/2024,2483,Cold,2,,12 1995 3,0,0,1,2,1
1/17/2024,2730,Hot,4,1856,20 1982 2,1,0,1,2,1
1/26/2024,2438,Cold,2,,11 1978 6,2,0,1,3,1
1/8/2024,2339,Cold,4,,29 1996 6,0,0,4,5,0
1/8/2024,2324,Cold,3,,27 1983 7,1,0,3,7,0
1/29/2024,2083,Cold,4,,15 1977 4,2,0,3,5,0
1/6/2024,2221,Hot,2,973,30 1986 1,1,0,1,5,0
1/23/2024,2150,Cold,4,,23 1988 6,2,0,5,1,0
1/29/2024,2248,Cold,5,,13 1967 5,2,0,4,2,0
1/10/2024,2871,Cold,1,,20 1997 2,0,0,4,8,0
1/2/2024,2300,Hot,3,1777,24 1992 9,0,0,1,3,0
1/9/2024,2592,Cold,4,,24 1980 3,2,1,5,1,0
1/8/2024,2128,Cold,1,,21 1994 6,0,1,1,4,0
1/12/2024,2844,Cold,4,,29 1983 6,1,1,4,2,0
1/20/2024,2861,Hot,3,6,17 1985 7,0,0,1,4,1
1/14/2024,2827,Hot,3,186,21 1978 2,1,0,4,3,0
1/29/2024,2955,Cold,5,,2 1990 3,2,1,1,1,0
1/29/2024,2932,Cold,3,,15 1981 1,2,0,1,2,1
1/15/2024,2963,Cold,1,,19 1983 11,2,0,1,2,0
1/13/2024,3009,Hot,4,117,12 1974 3,1,1,3,2,0
1/10/2024,2856,Cold,3,,17 1978 8,1,0,1,4,0
1/18/2024,2427,Hot,5,10,5 1980 6,1,0,1,3,1
1/10/2024,2044,Cold,4,,17 1976 7,1,1,2,4,0
1/22/2024,2462,Cold,2,,23 1983 1,1,0,1,6,0
1/13/2024,2176,Hot,2,140,9 1972 3,1,1,4,2,1
1/9/2024,2255,Hot,3,1686,10 1981 6,1,1,3,3,0
1/22/2024,2921,Cold,2,,23 1992 11,1,0,2,2,0
1/5/2024,2265,Cold,1,,8 1997 9,0,0,4,2,0
1/29/2024,2487,Cold,3,,6 1980 9,2,1,1,1,1
1/15/2024,3029,Hot,3,1226,11 1979 4,1,0,1,1,1
1/20/2024,2810,Hot,4,93,15 1987 4,1,0,2,9,0
1/8/2024,2437,Cold,4,,19 1968 1,1,1,6,5,0
1/11/2024,2242,Cold,1,,10 2001 11,0,0,4,2,0
1/15/2024,2750,Cold,3,,26 1996 6,0,0,1,2,0
1/30/2024,2197,Cold,1,,11 1986 2,1,0,1,2,1
1/25/2024,2613,Cold,3,,28 1996 7,2,0,3,7,0
1/23/2024,3005,Hot,5,1870,6 1983 11,0,0,1,2,0
1/29/2024,2107,Cold,5,,30 1960 10,1,0,1,1,0
1/9/2024,2626,Hot,5,84,24 1973 10,1,1,1,4,1
1/23/2024,2691,Hot,3,310,24 1969 4,1,0,2,3,1
1/3/2024,2849,Hot,3,977,10 1986 8,1,0,4,1,0
1/10/2024,2500,Cold,5,,15 1976 6,1,0,1,1,0
1/10/2024,3015,Cold,3,,16 1994 2,0,0,3,10,0
1/8/2024,2004,Cold,5,,26 1976 2,2,1,1,5,0
1/15/2024,2143,Cold,2,,17 1975 10,1,1,1,4,1
1/9/2024,2808,Cold,3,,17 1990 3,2,0,4,9,0
1/9/2024,2445,Cold,1,,6 1967 9,1,0,3,5,0
1/30/2024,2604,Hot,5,1,6 1982 3,1,0,1,2,1
1/8/2024,2766,Cold,5,,8 1983 6,2,1,3,1,0
1/10/2024,2080,Hot,2,755,3 1998 4,0,0,1,1,0
1/25/2024,2372,Hot,5,1110,15 1979 1,1,0,1,1,0
1/11/2024,2986,Cold,4,,23 1993 9,0,0,6,3,0
1/16/2024,2911,Cold,1,,24 1988 7,1,1,1,3,1
1/18/2024,2930,Cold,4,,24 1985 1,2,0,1,2,0
1/11/2024,2191,Cold,1,,28 1990 4,2,0,4,5,0
1/19/2024,2491,Cold,2,,25 1982 11,2,0,1,1,1
1/20/2024,2923,Hot,1,71,27 1978 11,,0,4,3,0
1/8/2024,2728,Hot,3,1247,4 1984 12,1,0,1,6,0
1/3/2024,2852,Hot,1,1224,5 1983 10,1,0,2,4,1
1/8/2024,2179,Cold,3,,25 1981 4,2,0,6,1,0
1/11/2024,2918,Cold,1,,2 1981 3,1,0,3,3,0
1/23/2024,2882,Cold,4,,29 1972 4,,0,3,2,0
1/23/2024,2905,Hot,1,48,4 1981 12,1,1,2,3,1
1/9/2024,2028,Cold,2,,28 1984 11,1,0,4,9,0
1/19/2024,2629,Hot,3,1120,28 1996 10,0,0,1,2,0
1/2/2024,2806,Hot,3,1220,18 1978 3,1,1,3,2,1
1/15/2024,2333,Cold,5,,6 1981 3,1,0,2,2,0
1/28/2024,2683,Hot,1,70,2 1972 6,1,1,4,4,1
1/18/2024,2966,Hot,1,108,13 1986 3,1,1,2,2,1
1/25/2024,2520,Cold,4,,26 1994 8,0,0,2,2,0
1/4/2024,2156,Hot,5,99,13 1992 10,1,0,1,1,1
1/8/2024,2412,Hot,3,89,20 1984 3,1,1,4,2,0
1/8/2024,2743,Hot,5,415,30 1977 12,1,0,4,1,0
1/29/2024,2291,Cold,3,,8 1991 2,1,0,4,1,0
1/30/2024,2732,Hot,2,72,13 1984 2,1,0,4,6,1
1/25/2024,2555,Cold,4,,6 1986 6,2,1,4,5,0
1/31/2024,2603,Hot,4,35,23 1979 4,1,1,4,6,1
1/29/2024,2665,Cold,4,,10 1990 11,0,0,2,7,0
1/19/2024,2607,Cold,3,,20 1991 6,0,1,1,5,1
1/30/2024,2199,Hot,3,317,15 1982 4,1,0,1,2,1
1/22/2024,2114,Cold,1,,17 1991 5,0,1,1,4,0
1/16/2024,2621,Hot,4,68,18 1972 3,1,0,3,2,0
1/3/2024,2119,Hot,5,1099,2 1984 8,1,1,1,3,0
1/17/2024,2315,Hot,2,16,28 1979 11,1,0,3,6,1
1/30/2024,2654,Cold,2,,13 1970 9,,0,1,6,1
1/22/2024,2953,Cold,5,,24 1981 10,2,0,3,1,0
1/11/2024,2798,Cold,3,,23 1986 11,1,0,2,1,0
1/8/2024,2081,Cold,5,,4 1984 11,1,0,4,8,0
1/19/2024,2957,Cold,5,,27 1996 7,2,1,2,3,0
1/10/2024,2046,Cold,3,,27 1978 7,2,1,3,4,1
1/19/2024,2802,Cold,3,,19 1984 1,2,1,1,10,1
1/8/2024,2929,Cold,1,,18 1976 10,1,1,2,5,1
1/15/2024,2219,Cold,5,,14 1973 7,2,0,4,4,0
1/12/2024,2661,Cold,3,,10 1985 9,0,1,2,3,0
1/12/2024,2241,Cold,1,,18 1993 3,1,1,4,2,0
1/8/2024,2387,Cold,3,,16 1974 2,1,0,3,2,0
1/5/2024,2541,Hot,2,81,26 1998 4,0,0,2,1,1
1/9/2024,2359,Cold,1,,26 1965 5,1,0,2,2,1
1/10/2024,2959,Hot,1,807,29 1986 12,1,0,1,2,1
1/22/2024,2503,Cold,1,,13 1978 8,1,1,3,4,1
1/23/2024,2117,Hot,4,1005,29 1984 6,1,0,3,6,0
1/29/2024,2524,Cold,3,,27 1975 7,1,0,5,2,0
1/8/2024,2325,Cold,5,,22 1975 8,1,0,3,4,0
1/22/2024,2160,Cold,4,,2 1996 7,2,0,2,6,0
1/23/2024,2621,Hot,4,68,18 1972 3,1,0,3,2,0
1/28/2024,2740,Hot,5,736,10 1981 9,1,0,1,1,0
1/30/2024,2419,Hot,5,8,16 2008 3,0,0,4,2,1
1/15/2024,2398,Cold,2,,28 1992 4,0,1,3,3,0
1/19/2024,2131,Hot,1,622,8 1980 10,1,0,3,3,0
1/23/2024,2252,Cold,1,,3 1989 8,0,0,1,3,0
1/11/2024,2353,Cold,4,,8 1993 9,0,0,1,4,0
1/3/2024,2564,Hot,3,103,6 1983 12,1,1,4,5,1
1/11/2024,2711,Hot,2,115,21 1986 5,1,0,1,9,1
1/15/2024,2220,Cold,4,,4 1969 12,1,0,1,1,0
1/24/2024,2512,Hot,2,3,28 1997 1,0,1,2,3,1
1/15/2024,2326,Cold,2,,2 1982 9,2,1,1,7,1
1/26/2024,2466,Hot,3,105,20 1994 2,1,0,2,10,1
1/29/2024,2896,Cold,2,,8 1998 2,,0,2,3,0
1/19/2024,2345,Cold,2,,7 1980 5,0,0,1,2,1
1/24/2024,2682,Hot,5,48,16 1982 8,1,0,1,1,1
1/9/2024,3007,Hot,2,92,19 1976 8,1,0,1,6,1
1/26/2024,2244,Cold,3,,28 1988 5,1,1,3,3,0
1/28/2024,2207,Hot,5,71,28 1991 5,1,1,6,1,0
1/5/2024,2571,Hot,2,530,24 1992 10,1,0,3,5,0
1/11/2024,2706,Cold,5,,5 1978 1,2,1,2,1,0
1/8/2024,2568,Cold,4,,24 1970 9,1,1,1,3,0
1/8/2024,2940,Cold,2,,17 1975 8,1,0,3,2,0
1/8/2024,2056,Cold,1,,8 2001 6,0,0,5,1,0
1/22/2024,2980,Cold,5,,15 1976 8,1,1,1,2,0
1/29/2024,2068,Cold,5,,11 1998 10,0,0,4,7,0
1/26/2024,2295,Hot,1,182,14 1961 11,1,1,3,1,1
1/10/2024,2200,Cold,1,,20 1986 2,2,1,3,5,1
1/15/2024,2304,Cold,4,,15 1979 2,1,0,6,1,0
1/17/2024,2680,Hot,1,83,19 1981 4,1,1,2,7,1
1/8/2024,2307,Cold,1,,9 1973 1,2,1,3,1,1
1/17/2024,2231,Cold,5,,29 1994 10,1,1,4,3,0
1/10/2024,2909,Cold,3,,8 1972 5,1,1,3,4,0
1/8/2024,2958,Cold,3,,25 1983 3,1,0,3,6,0
1/21/2024,2679,Hot,2,16,7 1984 11,1,0,2,4,1
1/26/2024,2723,Hot,1,441,3 1974 4,1,0,3,2,1
1/4/2024,2025,Hot,3,112,1 1979 1,1,1,1,5,1
1/25/2024,2403,Hot,1,458,27 1983 8,1,0,4,3,0
1/16/2024,2574,Cold,1,,3 1994 3,0,0,4,9,0
1/12/2024,2888,Hot,5,82,26 1998 4,0,0,3,4,0
1/22/2024,2059,Hot,3,1940,25 1969 1,1,1,1,7,1
1/4/2024,2480,Hot,1,43,18 1998 11,0,1,4,5,1
1/4/2024,2939,Hot,4,19,12 1993 12,1,0,1,5,1
1/18/2024,2367,Cold,5,,10 1988 8,1,0,2,6,0
1/8/2024,2606,Cold,3,,25 1976 4,2,0,2,5,0
1/10/2024,2941,Cold,5,,25 1984 8,1,0,1,3,0
1/29/2024,2935,Hot,3,37,30 1987 4,1,0,1,3,1
1/14/2024,2580,Hot,5,18,26 1972 4,1,1,1,4,1
1/9/2024,2088,Cold,3,,19 1996 8,2,0,3,7,0
1/15/2024,2215,Cold,3,,8 1994 7,1,0,2,1,0
1/30/2024,2093,Hot,3,708,24 1962 9,1,0,2,3,0
1/9/2024,2987,Cold,3,,10 1977 1,1,1,1,1,0
1/31/2024,2245,Cold,3,,24 1976 7,1,0,3,7,0
1/26/2024,2839,Hot,4,994,16 1981 5,2,1,2,2,1
1/8/2024,2030,Cold,2,,25 1997 5,0,0,3,2,0
1/30/2024,2102,Cold,3,,10 1988 8,1,0,2,6,0
1/11/2024,2104,Cold,3,,16 1971 6,1,0,2,7,0
1/8/2024,2586,Cold,3,,4 1988 8,0,0,4,3,0
1/15/2024,2499,Cold,2,,28 1982 6,1,1,1,1,0
1/19/2024,2890,Cold,4,,8 1972 6,2,0,1,4,0
1/15/2024,2746,Cold,2,,15 1979 6,1,1,1,2,1
1/15/2024,2820,Cold,5,,31 1979 12,1,0,1,8,0
1/15/2024,2988,Hot,2,65,9 1982 2,1,1,2,3,1
1/20/2024,2623,Hot,1,1405,15 1986 2,1,1,1,1,1
1/29/2024,2382,Cold,3,,27 1992 8,2,0,1,1,0
1/17/2024,2290,Cold,1,,9 1985 12,2,0,2,1,0
1/23/2024,2348,Hot,3,33,17 1975 6,1,0,3,6,1
1/24/2024,2485,Hot,2,73,19 1987 12,1,1,6,4,0
1/25/2024,2919,Hot,1,106,14 1978 11,1,0,1,5,1
1/9/2024,2188,Cold,3,,27 1998 10,0,0,4,5,0
1/22/2024,2925,Cold,5,,22 1977 10,1,0,4,1,0
1/12/2024,2388,Hot,5,924,31 1991 10,1,1,3,7,0
1/23/2024,2538,Hot,3,78,20 1965 1,1,0,3,2,0
1/16/2024,2430,Cold,4,,4 1990 10,2,0,1,1,0
1/17/2024,2716,Cold,3,,24 1997 11,0,1,2,5,0
1/23/2024,2518,Hot,4,68,2 1976 11,1,1,2,2,0
1/15/2024,2111,Cold,1,,9 1974 7,1,0,1,10,0
1/1/2024,2767,Hot,3,197,13 1986 2,1,0,1,3,1
1/2/2024,2927,Hot,2,1442,29 1967 1,1,0,1,6,0
1/5/2024,2891,Cold,3,,6 1966 8,1,1,1,1,1
1/31/2024,2070,Cold,2,,4 1993 12,1,0,1,3,0
1/8/2024,2878,Cold,1,,29 1973 6,2,1,1,1,1
1/17/2024,2318,Cold,5,,1 1981 10,1,0,1,2,0
1/10/2024,2675,Hot,4,117,1 1982 2,1,0,2,4,0
1/19/2024,2458,Hot,5,571,1 1995 1,0,0,3,4,0
1/28/2024,2149,Hot,3,1789,30 1990 7,1,0,2,2,0
1/18/2024,2895,Cold,4,,26 1996 8,0,0,1,7,0
1/14/2024,3021,Hot,5,1215,1 1982 7,1,0,1,10,0
1/17/2024,2948,Cold,3,,12 1984 7,0,1,3,6,0
1/29/2024,2969,Hot,3,115,16 1983 1,1,1,1,5,1
1/5/2024,2214,Cold,2,,23 1973 4,1,0,2,2,0
1/31/2024,2016,Cold,5,,25 1987 2,0,1,2,5,0
1/8/2024,2653,Cold,3,,24 1984 8,2,0,2,5,0
1/4/2024,2793,Hot,3,651,24 1974 11,1,0,1,6,1
1/3/2024,2142,Hot,3,324,5 1980 3,1,1,1,2,1
1/29/2024,2676,Cold,4,,26 1990 4,0,1,1,2,0
1/8/2024,2463,Cold,3,,27 1985 5,0,1,4,5,0
1/31/2024,2201,Cold,5,,23 1996 3,1,0,3,2,0
1/9/2024,2218,Cold,5,,22 1991 8,1,1,4,2,0
1/10/2024,2272,Cold,2,,18 1980 2,1,0,2,1,1
1/2/2024,2664,Hot,1,580,12 1997 2,0,0,6,3,0
1/16/2024,2473,Cold,3,,22 1981 9,1,0,4,7,0
1/22/2024,2290,Cold,1,,9 1985 12,2,0,2,1,0
1/26/2024,2452,Cold,3,,26 1981 11,1,1,3,5,0
1/17/2024,2132,Cold,5,,2 1983 4,2,1,3,7,0
1/15/2024,2284,Hot,4,62,4 1982 2,1,0,3,8,0
1/17/2024,2540,Hot,3,114,3 1981 11,1,0,2,2,1
1/2/2024,2693,Hot,4,893,26 1990 6,1,0,1,1,0
1/8/2024,2886,Cold,4,,9 1996 7,2,0,3,2,0
1/24/2024,2655,Cold,4,,29 1974 1,2,0,1,1,0
1/18/2024,2087,Cold,5,,4 1972 2,2,0,1,6,0
1/30/2024,2130,Cold,3,,16 1983 1,1,0,6,7,0
1/26/2024,2405,Cold,5,,27 1983 2,1,1,2,3,0
1/14/2024,2286,Hot,5,32,9 1984 12,0,1,2,2,1
1/23/2024,2376,Cold,5,,22 1994 11,2,1,3,4,0
1/18/2024,2005,Hot,4,91,26 1981 8,1,0,2,6,0
1/15/2024,2187,Cold,4,,28 1976 12,1,1,2,2,0
1/8/2024,2525,Cold,4,,15 1981 10,1,0,4,3,0
1/8/2024,2543,Cold,4,,3 1986 6,2,0,3,2,0
1/5/2024,2951,Hot,4,1,2 1971 1,1,1,4,4,1
1/22/2024,2402,Cold,1,,17 1983 1,1,0,1,4,1
1/14/2024,2838,Hot,3,1560,6 1989 8,1,0,3,6,0
1/15/2024,2546,Hot,5,38,21 1979 11,1,0,1,7,1
1/6/2024,2261,Hot,3,1552,8 1982 10,1,1,1,7,1
1/31/2024,2446,Cold,3,,22 1986 11,1,1,2,4,1
1/15/2024,2206,Cold,3,,31 1982 8,2,1,2,3,1
1/16/2024,2669,Cold,3,,10 1987 10,1,0,4,1,0
1/1/2024,2544,Hot,5,18,24 1975 4,1,0,1,5,1
1/28/2024,2112,Hot,2,106,9 1979 1,1,1,1,6,1
1/11/2024,2072,Cold,1,,3 1969 1,2,1,4,7,1
1/19/2024,2650,Cold,3,,16 1972 7,1,1,3,1,0
1/25/2024,2902,Cold,3,,4 2000 2,1,0,6,5,0
1/24/2024,2644,Cold,2,,3 1989 5,2,1,3,2,1
1/4/2024,2475,Hot,5,45,2 1988 11,1,1,1,3,1
1/22/2024,2459,Cold,1,,8 1984 5,2,0,1,3,0
1/22/2024,2805,Hot,3,1162,15 1984 8,1,1,4,1,0
1/29/2024,2647,Cold,5,,23 1982 6,1,1,2,2,0
1/10/2024,2865,Cold,2,,14 1991 9,1,0,2,9,0
1/9/2024,2797,Cold,3,,10 1991 3,1,0,4,2,0
1/9/2024,2764,Cold,5,,13 1979 11,2,1,1,10,0
1/11/2024,2482,Cold,2,,10 1989 6,1,0,6,6,0
1/6/2024,2648,Hot,3,1286,16 1980 3,1,0,2,9,0
1/9/2024,2071,Cold,5,,12 1980 11,2,1,3,4,0
1/7/2024,2633,Hot,1,526,16 1988 2,1,1,1,2,1
1/15/2024,2880,Cold,5,,8 1985 2,2,0,6,5,0
1/31/2024,2364,Cold,5,,16 1975 8,2,0,2,1,0
1/23/2024,2628,Cold,5,,18 1997 5,0,0,1,4,0
1/12/2024,2526,Cold,1,,17 1970 8,1,1,1,4,0
1/26/2024,2913,Cold,5,,21 1986 1,2,0,1,4,0
1/13/2024,2809,Hot,5,107,6 1969 11,1,1,3,1,1
1/18/2024,2118,Cold,4,,29 1990 10,1,1,3,2,0
1/18/2024,2418,Cold,3,,13 1977 5,1,0,6,6,0
1/18/2024,2561,Hot,5,595,1 1992 8,1,0,3,1,0
1/26/2024,2884,Cold,5,,28 1978 11,1,0,1,5,0
1/11/2024,2280,Cold,3,,3 1981 9,1,1,4,2,0
1/15/2024,2755,Hot,2,1030,1 1999 8,,0,2,2,0
1/17/2024,2710,Hot,2,1508,24 1979 3,1,1,2,2,1
1/20/2024,2726,Hot,4,97,11 1966 9,1,0,2,1,1
1/23/2024,2418,Cold,3,,13 1977 5,1,0,6,6,0
1/10/2024,2531,Cold,1,,17 1994 6,2,0,3,7,0
1/10/2024,2943,Cold,3,,8 1976 10,2,1,3,2,0
1/11/2024,3028,Hot,2,50,22 1990 3,1,0,4,2,1
1/8/2024,2847,Cold,3,,22 1982 11,1,0,3,2,0
1/20/2024,2294,Hot,3,76,9 1995 7,1,0,4,1,1
1/22/2024,2122,Hot,2,1828,12 1994 2,0,0,2,4,0
1/23/2024,2335,Hot,5,1428,10 1979 8,1,0,1,3,0
1/15/2024,2015,Hot,2,244,13 1996 7,1,1,2,5,1
1/29/2024,2903,Hot,2,1,3 1981 4,1,1,1,2,1
1/19/2024,2333,Cold,5,,6 1981 3,1,0,2,2,0
1/12/2024,2264,Cold,3,,1 1982 12,2,0,3,2,0
1/8/2024,2721,Cold,3,,24 1979 10,2,0,3,3,0
1/11/2024,2321,Hot,5,1139,10 1998 6,0,0,3,1,0
1/22/2024,2914,Cold,3,,11 1998 3,0,0,4,1,0
1/5/2024,2036,Hot,2,1835,3 1985 10,1,0,4,3,1
1/25/2024,2470,Hot,2,115,11 1968 4,1,0,1,7,1
1/29/2024,2376,Cold,5,,22 1994 11,2,1,3,4,0
1/29/2024,2960,Cold,5,,6 1978 3,1,0,1,7,0
1/27/2024,2422,Hot,3,449,20 1996 3,2,0,4,5,0
1/3/2024,2638,Hot,5,45,17 1983 8,1,0,3,1,1
1/15/2024,2054,Cold,1,,2 1980 5,2,0,1,3,0
1/18/2024,2257,Cold,5,,8 1983 5,1,0,1,2,0
1/22/2024,2050,Cold,5,,12 1985 2,0,1,4,6,0
1/22/2024,2226,Cold,2,,22 1996 8,0,0,5,3,0
1/22/2024,2064,Cold,3,,16 1980 5,1,0,3,1,0
1/11/2024,2614,Hot,2,105,25 1990 1,1,0,2,1,1
1/15/2024,2812,Cold,2,,9 1979 9,2,0,1,10,0
1/8/2024,2414,Hot,1,225,27 1984 4,1,0,1,1,1
1/22/2024,2822,Cold,3,,29 1973 9,1,1,1,3,0
1/29/2024,2978,Cold,4,,5 1967 9,1,1,3,3,0
1/25/2024,2358,Cold,4,,8 1982 3,2,0,1,4,0
1/29/2024,2637,Cold,1,,20 1985 7,1,0,2,1,1
1/9/2024,3010,Cold,2,,20 1977 2,1,0,1,4,0
1/5/2024,2230,Cold,1,,15 1988 11,1,0,4,3,0
1/15/2024,2922,Hot,2,54,12 1987 11,2,1,2,10,1
1/22/2024,2152,Cold,3,,23 1976 9,2,0,3,2,0
1/15/2024,2341,Cold,3,,14 1976 6,1,0,2,3,0
1/23/2024,2279,Cold,2,,8 1988 12,0,0,5,1,0
1/25/2024,3011,Cold,4,,11 1975 8,2,1,1,5,1
1/11/2024,2960,Cold,5,,6 1978 3,1,0,1,7,0
1/16/2024,2178,Cold,2,,23 1996 10,0,1,3,6,0
1/16/2024,2235,Cold,2,,23 1989 10,0,1,2,4,0
1/10/2024,2340,Cold,3,,26 1992 5,0,1,4,10,0
1/31/2024,2042,Cold,4,,21 1992 8,0,1,5,5,0
1/16/2024,2011,Cold,3,,22 1990 5,2,1,3,6,0
1/29/2024,2441,Cold,5,,10 1978 8,1,0,2,1,0
1/3/2024,2084,Hot,3,3,31 1990 8,1,1,3,1,1
1/17/2024,2507,Hot,4,77,7 1973 12,1,1,3,4,0
1/22/2024,2897,Cold,5,,26 1998 4,0,1,3,2,0
1/24/2024,2907,Cold,2,,6 1987 1,1,0,5,7,0
1/8/2024,2946,Cold,2,,31 1985 1,2,0,1,1,1
1/8/2024,2643,Cold,3,,2 1974 4,1,0,1,1,0
1/8/2024,2945,Cold,1,,7 1989 4,0,1,3,3,0
1/13/2024,2484,Hot,5,1114,2 1981 6,1,0,1,2,0
1/5/2024,2759,Cold,1,,17 1984 11,2,0,1,8,1
1/17/2024,2990,Cold,3,,12 1972 3,2,1,2,1,1
1/22/2024,2981,Cold,1,,28 1997 7,2,1,1,2,0
1/16/2024,2582,Cold,3,,31 1990 1,1,0,3,3,0
1/8/2024,2707,Cold,5,,7 1984 5,2,1,3,2,0
1/10/2024,2421,Cold,1,,8 1997 11,0,0,2,2,0
1/20/2024,2017,Hot,4,1028,2 1996 7,0,1,1,4,0
1/22/2024,2461,Cold,2,,11 1999 9,,0,1,4,0
1/9/2024,2124,Cold,4,,12 1973 6,1,0,1,3,0
1/8/2024,3019,Hot,1,104,28 1985 3,1,0,3,3,1
1/13/2024,2681,Hot,4,80,30 1972 3,1,0,6,3,0
1/10/2024,2763,Cold,2,,28 1980 8,2,1,3,4,0
1/8/2024,2216,Cold,3,,1 1978 5,1,0,4,9,0
1/17/2024,2424,Cold,3,,14 1999 9,0,0,3,2,0
1/17/2024,2595,Cold,2,,31 1984 12,1,0,1,1,1
1/5/2024,2899,Cold,5,,5 1981 8,2,0,1,6,0
1/11/2024,2133,Hot,4,81,7 1966 5,1,1,1,5,1
1/30/2024,2867,Cold,5,,15 1981 7,2,0,3,5,0
1/8/2024,2397,Hot,3,162,24 1996 12,0,0,3,2,1
1/22/2024,2375,Hot,1,1033,23 1989 10,1,0,1,6,0
1/8/2024,2357,Hot,1,1849,2 1997 7,0,0,6,5,0
1/29/2024,2211,Hot,5,67,4 1974 3,1,0,2,2,0
1/14/2024,2431,Hot,3,738,31 1990 7,1,1,1,1,1
1/15/2024,2579,Cold,5,,4 1967 9,2,1,2,3,0
1/30/2024,2023,Cold,5,,19 1983 4,1,0,2,4,0
1/22/2024,2628,Cold,5,,18 1997 5,0,0,1,4,0
1/13/2024,2311,Hot,5,469,7 1991 8,0,1,2,4,0
1/23/2024,2780,Cold,1,,1 1985 12,1,0,1,2,0
1/15/2024,2203,Cold,2,,2 1974 8,2,0,2,2,1
1/24/2024,2330,Cold,1,,12 1980 11,2,0,1,4,1
1/13/2024,2551,Hot,1,1446,18 1987 8,1,0,4,7,0
1/8/2024,3002,Hot,5,267,13 1980 1,2,1,2,1,1
1/17/2024,3024,Hot,2,120,10 1996 5,0,1,3,1,1
1/25/2024,2875,Cold,4,,9 1979 7,1,1,2,3,0
1/27/2024,2127,Hot,3,937,28 1981 2,1,0,2,10,0
1/22/2024,2027,Cold,3,,16 1961 11,1,1,3,2,0
1/10/2024,2789,Cold,1,,8 1981 3,1,1,2,6,0
1/31/2024,2496,Cold,5,,4 1965 9,2,0,1,2,0
1/13/2024,2189,Hot,3,1939,24 1974 6,1,1,6,6,0
1/6/2024,2120,Hot,2,42,27 1989 6,0,0,1,2,1
1/29/2024,2385,Cold,1,,14 1998 8,0,1,3,2,0
1/29/2024,2674,Cold,5,,16 1972 1,1,1,3,1,0
1/15/2024,2837,Cold,2,,28 1980 9,1,0,1,2,1
1/19/2024,2052,Cold,4,,16 1983 1,1,0,1,1,0
1/11/2024,2848,Cold,1,,1 1995 2,2,0,1,3,1
1/8/2024,2573,Cold,3,,8 1987 12,2,1,3,9,0
1/15/2024,2451,Cold,3,,20 1996 6,0,1,4,2,0
1/17/2024,2138,Cold,5,,4 1991 10,0,1,2,1,0
1/19/2024,2488,Cold,3,,2 1998 7,0,1,4,2,0
1/31/2024,2627,Cold,5,,15 1987 6,2,1,3,7,0
1/29/2024,2069,Cold,3,,19 1987 9,1,0,2,1,0
1/25/2024,2699,Hot,2,1654,3 1988 5,1,0,2,1,1
1/31/2024,2956,Cold,5,,9 1996 2,0,1,3,2,0
1/12/2024,2790,Cold,5,,25 1981 9,2,0,3,4,0
1/18/2024,2139,Hot,1,1112,31 1972 1,1,0,4,2,0
1/18/2024,2440,Cold,5,,11 1977 3,1,0,4,4,0
1/23/2024,2924,Cold,5,,15 1994 2,0,0,3,2,0
1/19/2024,2200,Cold,1,,20 1986 2,2,1,3,5,1
1/11/2024,2136,Hot,3,1578,8 1974 2,1,0,3,1,0
1/29/2024,2033,Hot,1,1873,4 1985 12,0,0,3,1,0
1/29/2024,2610,Cold,1,,7 1984 4,2,0,3,3,0
1/22/2024,2807,Cold,1,,12 1980 2,2,1,1,4,1
1/13/2024,2198,Hot,3,23,22 1980 1,1,1,2,3,1
1/8/2024,2175,Cold,2,,7 1980 1,2,0,6,3,0
1/12/2024,2029,Hot,2,17,17 1974 7,1,0,3,7,1
1/27/2024,2704,Hot,1,1974,3 1974 10,1,0,3,2,1
1/18/2024,2814,Cold,4,,11 1995 6,0,0,2,5,0
1/8/2024,2973,Cold,5,,9 1996 6,0,1,1,1,0
1/7/2024,2727,Hot,3,93,27 1976 6,1,0,3,5,0
1/7/2024,2853,Hot,3,466,30 1981 6,1,1,3,5,0
1/16/2024,2818,Cold,1,,24 1973 10,2,0,2,8,0
1/26/2024,2733,Cold,1,,30 1972 8,2,1,3,5,1
1/27/2024,2288,Hot,1,109,22 1973 1,1,1,1,1,1
1/15/2024,3031,Hot,3,422,21 1978 8,1,0,2,5,0
1/22/2024,3003,Cold,3,,18 1991 7,0,1,3,3,0
1/19/2024,2369,Cold,3,,2 1985 6,2,0,1,4,1
1/11/2024,2407,Cold,5,,16 1982 6,1,1,3,9,0
1/15/2024,2479,Cold,3,,10 1967 10,1,0,3,3,0
1/19/2024,2225,Cold,4,,22 1994 2,1,0,3,4,0
1/24/2024,2183,Hot,5,1170,6 1985 6,1,0,1,2,0
1/8/2024,2309,Cold,3,,21 1983 5,1,1,1,6,1
1/18/2024,2545,Hot,4,47,10 1985 7,1,0,4,3,1
1/15/2024,2490,Cold,5,,4 1995 11,0,0,3,3,0
1/16/2024,2667,Hot,2,507,17 1982 3,1,0,4,3,0
1/29/2024,2313,Cold,5,,9 1991 3,0,0,1,1,0
1/8/2024,2159,Cold,4,,17 1978 6,2,0,1,2,0
1/10/2024,2339,Cold,4,,29 1996 6,0,0,4,5,0
1/16/2024,2504,Cold,3,,3 1980 9,2,0,3,1,0
1/10/2024,2363,Cold,3,,28 1983 1,1,1,1,1,0
1/22/2024,2448,Cold,1,,24 1985 2,1,0,1,2,0
1/26/2024,2705,Hot,5,1623,23 1971 5,1,1,1,2,0
1/16/2024,2098,Hot,4,375,17 1981 9,1,0,1,2,0
1/16/2024,2858,Cold,4,,19 1993 12,0,1,6,8,0
1/26/2024,2772,Cold,3,,15 1994 1,0,1,1,10,0
1/29/2024,2486,Cold,1,,16 1982 5,1,0,3,1,1
1/20/2024,2975,Hot,3,82,10 1991 3,1,0,1,5,1
1/22/2024,2695,Cold,3,,18 1976 7,1,0,1,1,0
1/17/2024,2443,Hot,4,457,22 1985 3,1,0,1,3,0
1/15/2024,2530,Cold,3,,3 1973 6,1,0,6,5,0
1/18/2024,2745,Cold,5,,5 1992 12,1,1,1,4,0
1/26/2024,2205,Hot,1,83,8 1976 5,1,0,3,1,1
1/17/2024,2377,Cold,3,,30 1988 9,2,1,1,5,0
1/22/2024,2671,Hot,4,43,1 1984 11,1,1,2,1,1
1/29/2024,2390,Cold,2,,24 1977 9,2,0,3,4,1
1/8/2024,2212,Cold,5,,6 1992 4,0,0,2,2,0
1/17/2024,2587,Cold,5,,23 1976 12,1,0,3,1,0
1/26/2024,2719,Hot,4,48,21 1993 4,1,0,4,7,0
1/16/2024,2478,Cold,3,,19 1990 5,0,0,6,2,0
1/5/2024,3016,Cold,1,,16 1975 12,,0,1,1,1
1/13/2024,2860,Hot,5,37,22 1994 5,0,0,2,5,0
1/5/2024,2792,Hot,2,85,28 1996 12,0,1,1,1,1
1/29/2024,2289,Hot,4,81,12 1978 8,2,0,5,4,1
1/22/2024,2824,Cold,2,,20 1989 3,2,0,3,1,0
1/7/2024,2806,Hot,3,1220,18 1978 3,1,1,3,2,1
1/29/2024,2803,Cold,5,,19 1974 6,1,0,1,8,0
1/22/2024,2332,Cold,3,,2 2000 7,2,1,2,6,0
1/22/2024,2316,Cold,5,,18 1984 4,2,0,1,3,0
1/31/2024,2578,Cold,5,,10 1969 5,1,0,1,1,0
1/8/2024,3004,Cold,4,,29 1980 2,2,0,2,2,0
1/24/2024,2826,Hot,3,41,15 1989 8,1,1,1,5,1
1/23/2024,2679,Hot,2,16,7 1984 11,1,0,2,4,1
1/14/2024,2636,Hot,2,4,12 1987 8,0,0,3,2,1
1/9/2024,2417,Cold,1,,14 1984 9,2,1,1,1,1
1/22/2024,2979,Cold,3,,23 1976 11,1,1,3,1,0
1/30/2024,2110,Cold,5,,3 1980 3,1,1,3,6,0
1/13/2024,2762,Hot,3,742,29 1987 7,1,1,3,4,1
1/31/2024,2517,Cold,3,,5 1995 9,0,1,3,2,0
1/9/2024,2566,Cold,3,,13 1971 9,2,0,1,1,1
1/15/2024,2632,Cold,2,,10 1991 2,2,1,3,3,1
1/23/2024,2549,Cold,2,,5 1995 4,1,0,3,1,1
1/22/2024,2502,Cold,4,,12 1995 6,1,0,3,2,0
1/24/2024,2430,Cold,4,,4 1990 10,2,0,1,1,0
1/23/2024,2177,Hot,4,2,1 1988 3,1,0,6,4,1
1/3/2024,2534,Hot,3,239,15 1987 5,1,1,1,2,1
1/6/2024,2783,Hot,4,43,14 1986 10,1,1,2,7,1
1/8/2024,2062,Cold,1,,16 1983 2,1,1,4,3,1
1/26/2024,2754,Hot,5,403,18 1967 5,1,0,3,1,0
1/10/2024,2395,Cold,5,,31 1981 3,2,0,3,3,0
1/8/2024,2344,Cold,5,,18 1993 8,2,0,1,3,0
1/29/2024,2926,Cold,4,,20 1990 5,2,1,1,2,0
1/19/2024,2010,Hot,3,109,19 1991 12,1,0,1,2,1
1/30/2024,2481,Cold,4,,19 1989 11,2,1,1,6,0
1/19/2024,2447,Cold,2,,22 1985 4,1,1,2,3,0
1/9/2024,2468,Cold,4,,27 1993 2,1,0,2,7,0
1/22/2024,2194,Cold,4,,25 1977 8,1,1,4,1,0
1/23/2024,2148,Cold,2,,25 1988 3,1,1,3,3,0
1/16/2024,2410,Cold,5,,9 1999 1,0,1,1,8,0
1/11/2024,2026,Cold,5,,19 1982 9,2,1,4,1,0
1/8/2024,2164,Cold,4,,23 1969 12,1,1,1,1,0
1/24/2024,2782,Hot,4,247,24 1983 2,1,1,4,8,0
1/19/2024,2233,Cold,1,,2 1995 9,0,0,5,2,0
1/15/2024,2619,Cold,3,,10 1991 2,0,0,4,1,0
1/26/2024,2961,Cold,4,,29 1989 9,2,1,4,2,0
1/21/2024,2770,Hot,3,91,20 1999 12,0,1,4,8,0
1/12/2024,2525,Cold,4,,15 1981 10,1,0,4,3,0
1/15/2024,2232,Cold,3,,26 1971 8,1,1,6,5,0
1/31/2024,2361,Hot,2,1306,9 1991 4,1,0,1,1,1
1/9/2024,2533,Cold,5,,6 1996 3,0,0,6,1,0
1/22/2024,2972,Cold,4,,31 1994 1,0,0,2,1,0
1/3/2024,2101,Hot,2,39,7 1968 6,1,0,3,2,1
1/12/2024,2095,Cold,4,,17 1979 1,0,1,1,5,0
1/22/2024,2974,Cold,5,,5 1999 1,,0,2,8,0
1/26/2024,2085,Hot,5,419,27 2005 12,0,0,2,3,0
1/1/2024,2169,Hot,3,1708,3 1971 2,2,0,1,6,0
1/16/2024,2620,Cold,5,,13 1986 8,1,1,3,2,0
1/18/2024,2508,Hot,1,19,10 1997 6,0,0,1,5,1
1/24/2024,2589,Cold,3,,26 2000 8,2,0,2,2,0
1/28/2024,2014,Hot,5,1342,5 1975 12,1,1,1,3,0
1/30/2024,2302,Cold,4,,13 1966 1,1,0,2,5,0
1/8/2024,2278,Cold,3,,25 1979 11,2,1,3,2,1
1/10/2024,2557,Cold,2,,5 1973 4,1,0,3,2,0
1/18/2024,2338,Hot,5,443,16 1984 10,1,0,1,2,0
1/15/2024,2649,Cold,2,,2 1984 10,1,0,3,2,0
1/29/2024,2265,Cold,1,,8 1997 9,0,0,4,2,0
1/25/2024,2590,Hot,5,92,17 1984 7,1,0,1,2,0
1/8/2024,2765,Cold,4,,28 1985 2,0,1,1,5,0
1/17/2024,2866,Cold,2,,14 1979 8,2,0,6,4,0
1/22/2024,2851,Hot,3,36,2 2000 2,0,0,2,5,1
1/24/2024,2013,Hot,2,1010,6 1997 7,0,0,1,5,0
1/16/2024,2217,Hot,1,4,1 1975 9,1,0,2,3,1
1/24/2024,2833,Hot,5,974,16 1986 9,2,0,1,4,0
1/18/2024,2511,Cold,5,,14 1974 2,1,1,4,2,0
1/11/2024,2171,Cold,2,,12 1991 9,2,1,4,5,0
1/7/2024,2697,Hot,3,6,13 1995 1,0,0,6,1,1
1/16/2024,2301,Cold,1,,24 1976 8,1,0,2,1,1
1/16/2024,2977,Cold,3,,4 1982 7,1,1,3,2,0
1/12/2024,2553,Hot,4,118,4 1993 12,1,1,2,1,1
1/8/2024,2709,Hot,1,100,13 1999 6,0,0,3,2,1
1/15/2024,2022,Cold,1,,22 1992 2,1,0,2,8,0
1/22/2024,2066,Cold,2,,16 1974 10,2,0,1,6,0
1/5/2024,2082,Hot,5,758,24 2001 6,0,1,4,9,0
1/12/2024,2876,Cold,5,,28 1977 3,1,1,2,2,0
1/9/2024,2689,Cold,1,,20 1989 10,0,0,3,2,0
1/12/2024,3000,Cold,3,,3 1997 6,0,0,1,1,0
1/17/2024,2404,Cold,3,,5 1987 3,1,1,1,2,1
1/30/2024,2799,Cold,5,,5 1980 11,2,0,1,1,0
1/31/2024,2737,Hot,3,169,21 1986 2,1,0,3,5,1
1/8/2024,2090,Cold,5,,9 1987 3,1,1,1,3,0
1/19/2024,2477,Hot,3,1205,7 1987 3,2,0,3,6,1
1/30/2024,2707,Cold,5,,7 1984 5,2,1,3,2,0
1/6/2024,3001,Hot,5,25,25 2002 6,0,0,1,4,1
1/8/2024,2751,Cold,5,,4 1999 1,,1,6,6,0
1/22/2024,2677,Cold,2,,18 1989 10,1,0,2,6,0
1/9/2024,2992,Cold,4,,11 1991 8,1,0,2,2,0
1/16/2024,2489,Cold,3,,10 1996 5,1,0,2,1,0
1/3/2024,2227,Hot,2,927,22 1999 10,1,1,4,1,0
1/1/2024,2545,Hot,4,47,10 1985 7,1,0,4,3,1
1/23/2024,2032,Cold,1,,1 1995 2,2,0,4,5,1
1/31/2024,2409,Hot,4,1165,3 1987 5,0,0,1,1,0
1/14/2024,2275,Hot,4,24,13 1994 12,0,0,3,1,0
1/16/2024,2187,Cold,4,,28 1976 12,1,1,2,2,0
1/29/2024,2158,Cold,3,,29 1998 3,0,0,2,6,0
1/30/2024,2103,Cold,2,,9 1980 5,1,1,1,6,0
1/5/2024,2942,Hot,1,74,12 1986 1,1,0,6,1,1
1/22/2024,2380,Cold,1,,10 1993 9,2,0,2,1,1
1/22/2024,2497,Cold,4,,10 1978 4,1,0,6,2,0
1/29/2024,2097,Cold,3,,27 1967 9,1,0,3,2,0
1/9/2024,2501,Cold,2,,25 1988 7,1,0,1,6,0
1/9/2024,2399,Cold,3,,15 1997 6,0,1,3,3,0
1/17/2024,2396,Cold,1,,13 1979 1,1,0,3,1,0
1/9/2024,2415,Cold,2,,18 1990 8,0,1,3,4,0
1/21/2024,2155,Hot,2,1851,30 1999 5,0,1,1,3,1
1/29/2024,2678,Cold,3,,29 1978 6,2,0,2,4,0
1/30/2024,2734,Hot,3,104,5 1997 11,0,0,1,2,1
1/13/2024,2381,Hot,3,107,5 1976 5,1,0,1,2,1
1/29/2024,2900,Cold,3,,25 1982 5,2,1,2,2,0
1/1/2024,2552,Hot,3,50,16 1998 7,0,1,1,2,1
1/29/2024,2465,Cold,3,,8 1998 1,,1,4,1,0
1/29/2024,2565,Cold,3,,1 1984 4,2,0,3,4,0
1/17/2024,2038,Hot,5,86,6 1993 11,1,1,2,1,0
1/8/2024,2355,Cold,4,,6 1980 3,2,0,3,5,0
1/30/2024,2389,Cold,5,,25 1993 2,2,1,4,2,0
1/3/2024,3021,Hot,5,1215,1 1982 7,1,0,1,10,0
1/14/2024,2262,Hot,2,19,1 1978 11,1,1,5,2,1
1/11/2024,2079,Cold,5,,15 1979 9,1,0,2,1,0
1/22/2024,2835,Hot,4,56,30 1975 8,1,0,1,1,1
1/24/2024,2425,Cold,3,,9 1980 12,1,1,4,5,0
1/29/2024,2698,Hot,2,691,27 1981 3,1,1,3,8,1
1/30/2024,2816,Hot,1,36,2 1986 12,1,1,3,3,1
