call_date,call_id,call_type,job_id,response_time,birth_date,marital_status,gender,region_id,employee_id,call_result,customer_birth_year,customer_age
2024-01-10,2406,Cold,3,,1988-08-15,2.0,0,2,3,0,1988,36
2024-01-22,2892,Cold,3,,1990-06-24,1.0,0,3,5,0,1990,34
2024-01-23,2788,Cold,3,,1978-08-30,2.0,0,2,1,1,1978,46
2024-01-02,2663,Hot,3,1039.0,1983-06-18,1.0,1,1,5,1,1983,41
2024-01-08,2498,Cold,3,,1975-10-16,2.0,1,4,4,0,1975,49
2024-01-15,3008,Hot,1,35.0,1997-05-08,1.0,0,4,6,1,1997,27
2024-01-30,2615,Cold,4,,1984-03-02,2.0,0,4,2,0,1984,40
2024-01-09,2659,Cold,2,,1984-08-17,2.0,0,3,3,1,1984,40
2024-01-10,2813,Cold,2,,1988-09-13,2.0,0,1,3,1,1988,36
2024-01-15,2775,Cold,1,,1989-01-23,2.0,1,1,4,1,1989,35
2024-01-29,2720,Cold,2,,1984-01-04,2.0,0,1,2,0,1984,40
2024-01-09,2622,Hot,5,87.0,1974-05-03,1.0,0,3,2,0,1974,50
2024-01-30,2657,Hot,4,17.0,1976-10-04,1.0,0,3,4,1,1976,48
2024-01-11,2532,Cold,3,,1980-03-23,2.0,0,1,5,0,1980,44
2024-01-15,2281,Cold,1,,1981-06-17,1.0,1,3,2,0,1981,43
2024-01-23,2331,Cold,3,,1983-04-14,0.0,1,2,2,0,1983,41
2024-01-29,2713,Cold,4,,1983-06-04,2.0,1,1,6,0,1983,41
2024-01-17,2105,Cold,4,,1993-03-19,0.0,0,1,2,0,1993,31
2024-01-05,2319,Cold,1,,1994-03-13,1.0,1,3,3,1,1994,30
2024-01-08,2611,Cold,5,,1995-04-03,0.0,0,1,3,0,1995,29
2024-01-15,2908,Hot,3,1132.0,1981-06-07,1.0,1,2,2,0,1981,43
2024-01-04,2885,Hot,5,1.0,1995-09-17,0.0,0,1,9,1,1995,29
2024-01-25,2126,Cold,1,,1994-09-09,1.0,0,6,4,0,1994,30
2024-01-19,2086,Cold,5,,1996-08-10,0.0,1,3,7,0,1996,28
2024-01-08,2135,Cold,2,,1990-07-15,1.0,1,2,3,0,1990,34
2024-01-08,2204,Hot,5,56.0,1989-01-29,1.0,1,2,4,1,1989,35
2024-01-21,2041,Hot,3,739.0,1973-08-22,1.0,0,3,2,0,1973,51
2024-01-04,2157,Hot,3,2.0,1982-10-09,1.0,1,3,5,1,1982,42
2024-01-08,2342,Cold,3,,1979-09-12,1.0,0,3,3,0,1979,45
2024-01-30,2830,Cold,5,,1974-04-05,1.0,0,6,6,0,1974,50
2024-01-08,2702,Hot,5,1.0,1984-08-10,1.0,1,3,1,1,1984,40
2024-01-11,2351,Cold,2,,1972-07-26,1.0,1,2,4,1,1972,52
2024-01-15,2003,Cold,4,,1995-11-27,1.0,0,1,4,0,1995,29
2024-01-22,2668,Hot,4,111.0,1982-01-31,1.0,1,3,3,1,1982,42
2024-01-24,2952,Cold,3,,1980-05-02,1.0,0,3,2,0,1980,44
2024-01-10,2186,Hot,5,1215.0,2005-10-02,0.0,1,2,2,0,2005,19
2024-01-09,2352,Cold,4,,1972-02-24,1.0,1,1,7,0,1972,52
2024-01-18,2251,Cold,3,,1978-07-23,1.0,1,2,4,0,1978,46
2024-01-08,2346,Cold,2,,1982-10-03,1.0,1,3,5,0,1982,42
2024-01-10,2787,Hot,1,97.0,1961-07-19,1.0,1,5,5,1,1961,63
2024-01-23,2821,Hot,5,981.0,1971-08-28,1.0,1,3,9,0,1971,53
2024-01-15,2100,Cold,2,,1981-09-29,1.0,0,3,4,0,1981,43
2024-01-12,2522,Hot,5,800.0,1998-04-11,0.0,0,1,4,0,1998,26
2024-01-25,2513,Hot,1,82.0,1978-04-18,1.0,0,1,1,1,1978,46
2024-01-15,2996,Cold,3,,1978-02-04,1.0,0,4,1,0,1978,46
2024-01-23,2096,Cold,3,,1975-02-10,,1,3,3,1,1975,49
2024-01-16,2741,Hot,4,58.0,1987-07-30,1.0,0,1,1,1,1987,37
2024-01-08,2634,Cold,3,,1996-11-07,0.0,0,1,1,0,1996,28
2024-01-08,2950,Cold,3,,1975-12-02,1.0,1,3,3,0,1975,49
2024-01-18,2170,Hot,1,117.0,1985-01-25,1.0,0,1,1,1,1985,39
2024-01-18,2035,Hot,1,119.0,1998-12-13,0.0,1,1,3,1,1998,26
2024-01-18,2151,Cold,2,,1983-06-19,1.0,1,2,7,0,1983,41
2024-01-25,2791,Cold,1,,1980-03-25,1.0,0,1,4,0,1980,44
2024-01-29,2055,Cold,5,,1981-01-27,1.0,0,4,1,0,1981,43
2024-01-01,2454,Hot,5,1319.0,1980-11-22,2.0,0,1,8,0,1980,44
2024-01-22,2237,Cold,3,,1985-10-21,1.0,1,1,2,0,1985,39
2024-01-08,2984,Hot,4,1161.0,1994-11-09,0.0,1,3,4,0,1994,30
2024-01-10,2398,Cold,2,,1992-04-28,0.0,1,3,3,0,1992,32
2024-01-16,2842,Cold,4,,1976-10-28,2.0,0,6,2,0,1976,48
2024-01-08,3023,Hot,2,60.0,1996-12-20,0.0,0,3,9,0,1996,28
2024-01-10,2091,Hot,3,19.0,1991-06-12,1.0,1,1,4,1,1991,33
2024-01-10,2612,Hot,4,119.0,1971-11-21,1.0,0,6,1,0,1971,53
2024-01-04,2724,Hot,4,50.0,1979-06-19,1.0,0,6,2,1,1979,45
2024-01-11,2329,Cold,2,,1998-05-31,0.0,0,1,5,0,1998,26
2024-01-23,2444,Cold,1,,1997-08-03,0.0,1,2,5,0,1997,27
2024-01-30,2121,Cold,2,,1968-01-21,1.0,0,2,4,0,1968,56
2024-01-10,2567,Cold,5,,1972-08-02,2.0,0,2,1,0,1972,52
2024-01-11,2185,Hot,5,76.0,1980-12-04,1.0,1,1,6,1,1980,44
2024-01-19,2994,Cold,2,,1997-06-10,0.0,0,2,2,0,1997,27
2024-01-05,2596,Cold,3,,1972-12-22,2.0,1,3,1,0,1972,52
2024-01-10,2236,Cold,1,,1994-04-10,2.0,0,1,3,0,1994,30
2024-01-12,2134,Cold,2,,1984-08-01,1.0,1,1,1,1,1984,40
2024-01-17,2428,Cold,4,,1985-02-01,1.0,1,2,3,0,1985,39
2024-01-22,2182,Cold,1,,1984-11-01,2.0,0,3,3,1,1984,40
2024-01-29,2453,Cold,3,,1988-01-31,1.0,0,1,1,0,1988,36
2024-01-15,2934,Cold,2,,1978-08-11,2.0,0,6,2,0,1978,46
2024-01-19,2520,Cold,4,,1994-08-26,0.0,0,2,2,0,1994,30
2024-01-11,2916,Cold,4,,1984-03-16,1.0,1,2,5,0,1984,40
2024-01-08,2598,Cold,3,,1986-04-30,1.0,1,2,1,0,1986,38
2024-01-15,2906,Cold,5,,1976-05-15,1.0,1,3,3,0,1976,48
2024-01-16,2287,Cold,2,,1975-03-02,1.0,1,6,2,0,1975,49
2024-01-13,2243,Hot,5,83.0,1994-01-23,0.0,0,6,7,0,1994,30
2024-01-19,2009,Cold,5,,1979-01-19,2.0,0,4,5,0,1979,45
2024-01-24,2450,Hot,5,43.0,1989-05-23,1.0,0,2,4,1,1989,35
2024-01-26,2516,Hot,3,1957.0,1998-05-14,0.0,0,1,1,0,1998,26
2024-01-11,2346,Cold,2,,1982-10-03,1.0,1,3,5,0,1982,42
2024-01-15,2947,Cold,1,,1983-02-27,1.0,0,1,1,0,1983,41
2024-01-26,2601,Cold,5,,1985-12-01,1.0,1,4,2,0,1985,39
2024-01-17,2658,Cold,3,,1993-06-09,0.0,0,3,6,0,1993,31
2024-01-10,2796,Cold,4,,1997-05-23,0.0,0,1,5,0,1997,27
2024-01-15,2749,Hot,3,99.0,1980-06-08,2.0,0,2,3,1,1980,44
2024-01-18,2400,Cold,4,,1966-02-24,1.0,0,2,4,0,1966,58
2024-01-19,2801,Cold,3,,1992-04-23,0.0,0,4,3,0,1992,32
2024-01-05,2967,Hot,4,643.0,1980-01-21,2.0,0,1,1,1,1980,44
2024-01-08,3013,Cold,1,,1997-08-23,0.0,0,1,6,0,1997,27
2024-01-24,2550,Hot,5,668.0,1985-11-07,0.0,1,2,1,0,1985,39
2024-01-09,2829,Cold,5,,1980-12-18,1.0,0,1,1,0,1980,44
2024-01-12,2535,Hot,3,44.0,1988-03-23,1.0,0,1,4,1,1988,36
2024-01-18,2784,Hot,3,45.0,1996-11-27,0.0,0,1,1,1,1996,28
2024-01-29,2795,Hot,3,57.0,1982-01-22,1.0,0,1,2,1,1982,42
2024-01-03,2845,Hot,5,1925.0,1988-11-22,1.0,1,1,1,0,1988,36
2024-01-17,2748,Hot,2,1641.0,1984-02-14,1.0,1,1,6,1,1984,40
2024-01-05,2883,Cold,2,,1980-07-27,1.0,0,3,3,0,1980,44
2024-01-01,2015,Hot,2,244.0,1996-07-13,1.0,1,2,5,1,1996,28
2024-01-09,2514,Cold,5,,1982-04-21,0.0,0,1,2,0,1982,42
2024-01-19,2542,Hot,2,120.0,1984-04-05,1.0,1,4,1,1,1984,40
2024-01-20,2386,Hot,5,57.0,1986-04-16,1.0,0,1,3,1,1986,38
2024-01-19,2067,Cold,1,,1997-04-15,0.0,0,2,7,0,1997,27
2024-01-26,2328,Cold,5,,1974-04-02,2.0,1,1,2,0,1974,50
2024-01-15,2834,Cold,5,,1994-10-05,1.0,1,1,3,0,1994,30
2024-01-22,2365,Cold,5,,1976-01-15,2.0,0,2,1,0,1976,48
2024-01-18,3023,Hot,2,60.0,1996-12-20,0.0,0,3,9,0,1996,28
2024-01-05,2362,Hot,3,923.0,1975-05-10,1.0,1,3,8,0,1975,49
2024-01-29,2823,Cold,2,,1976-08-11,2.0,1,2,3,1,1976,48
2024-01-15,2268,Cold,5,,1979-09-06,1.0,1,2,1,0,1979,45
2024-01-17,2672,Hot,1,30.0,1975-08-27,1.0,1,1,6,1,1975,49
2024-01-17,2854,Hot,1,1448.0,1972-04-03,1.0,1,1,7,1,1972,52
2024-01-19,2560,Hot,4,29.0,1996-06-13,0.0,1,3,10,1,1996,28
2024-01-13,2246,Hot,2,36.0,1989-04-11,1.0,0,3,3,1,1989,35
2024-01-29,2464,Cold,5,,1968-09-27,2.0,1,2,10,0,1968,56
2024-01-05,3018,Cold,4,,1978-12-13,1.0,0,1,2,0,1978,46
2024-01-11,2618,Cold,4,,1975-05-08,2.0,0,2,6,0,1975,49
2024-01-19,2715,Hot,4,2.0,1958-10-09,1.0,0,1,1,1,1958,66
2024-01-29,2991,Cold,3,,1994-12-09,1.0,1,1,4,0,1994,30
2024-01-31,2997,Cold,3,,1975-06-23,1.0,0,3,8,0,1975,49
2024-01-05,2350,Cold,3,,1975-03-03,2.0,1,3,2,0,1975,49
2024-01-29,2019,Cold,3,,1981-09-28,2.0,1,1,3,0,1981,43
2024-01-01,2712,Hot,3,85.0,1990-04-25,1.0,0,2,5,1,1990,34
2024-01-09,2773,Cold,1,,1985-12-23,1.0,0,1,2,0,1985,39
2024-01-22,2894,Cold,1,,1997-06-20,0.0,0,2,1,0,1997,27
2024-01-09,2343,Cold,5,,1978-08-25,1.0,0,1,6,0,1978,46
2024-01-18,2391,Cold,2,,2001-03-20,2.0,1,6,1,0,2001,23
2024-01-08,2234,Cold,1,,1977-02-09,2.0,1,3,3,1,1977,47
2024-01-15,2371,Cold,2,,1989-07-06,2.0,0,1,3,0,1989,35
2024-01-15,2968,Cold,5,,1987-06-09,2.0,1,2,5,0,1987,37
2024-01-22,2259,Hot,4,72.0,1986-11-04,1.0,0,1,5,1,1986,38
2024-01-25,2785,Cold,4,,1984-11-13,2.0,0,1,7,0,1984,40
2024-01-08,2354,Cold,5,,2004-05-23,,0,1,4,0,2004,20
2024-01-29,2317,Cold,4,,1971-01-17,1.0,0,5,1,0,1971,53
2024-01-14,2078,Hot,1,81.0,1997-07-08,0.0,1,2,1,1,1997,27
2024-01-26,2938,Cold,2,,1982-11-12,1.0,0,3,2,0,1982,42
2024-01-22,2254,Hot,5,1564.0,1978-07-13,1.0,0,1,2,0,1978,46
2024-01-07,2944,Hot,3,85.0,1980-05-31,1.0,0,6,5,0,1980,44
2024-01-30,2569,Hot,1,70.0,1977-10-05,1.0,1,4,5,1,1977,47
2024-01-26,2873,Cold,5,,1973-03-08,1.0,0,1,4,0,1973,51
2024-01-05,2379,Cold,5,,1996-07-06,0.0,1,2,5,0,1996,28
2024-01-25,2920,Cold,4,,1972-03-11,,0,4,1,0,1972,52
2024-01-29,2180,Cold,4,,1965-02-02,1.0,0,2,10,0,1965,59
2024-01-29,2752,Hot,3,1169.0,1982-06-18,1.0,1,2,2,0,1982,42
2024-01-14,3022,Hot,2,984.0,1997-02-01,1.0,0,1,1,0,1997,27
2024-01-15,2471,Cold,1,,1959-03-09,1.0,0,2,1,0,1959,65
2024-01-22,2670,Hot,4,1511.0,1996-07-05,0.0,0,1,1,0,1996,28
2024-01-26,2688,Cold,1,,1993-06-14,2.0,0,1,1,1,1993,31
2024-01-11,2312,Cold,5,,1988-03-25,1.0,0,2,1,0,1988,36
2024-01-15,2701,Cold,3,,1983-02-09,2.0,1,3,6,0,1983,41
2024-01-30,2971,Cold,5,,1978-12-20,1.0,0,2,2,0,1978,46
2024-01-09,3027,Cold,5,,1995-06-23,0.0,0,2,2,0,1995,29
2024-01-04,2528,Hot,5,97.0,1989-01-13,0.0,0,2,1,0,1989,35
2024-01-04,2898,Hot,4,3.0,1975-01-02,1.0,0,3,3,1,1975,49
2024-01-19,2432,Cold,1,,1988-07-01,0.0,1,4,4,1,1988,36
2024-01-06,2303,Hot,2,100.0,1978-06-24,1.0,0,1,2,1,1978,46
2024-01-12,2989,Cold,1,,1976-05-25,1.0,1,1,2,1,1976,48
2024-01-15,2570,Hot,1,1027.0,1997-06-29,0.0,0,6,3,0,1997,27
2024-01-17,2819,Hot,1,75.0,1980-10-08,1.0,0,3,7,1,1980,44
2024-01-03,2258,Hot,4,1579.0,1982-01-14,1.0,1,2,1,0,1982,42
2024-01-15,3014,Hot,3,76.0,1997-08-27,0.0,0,4,4,1,1997,27
2024-01-09,2776,Cold,4,,1994-05-11,2.0,0,3,2,0,1994,30
2024-01-16,2588,Hot,3,524.0,1994-12-01,0.0,0,2,3,0,1994,30
2024-01-14,2559,Hot,1,78.0,1975-07-25,1.0,1,4,6,1,1975,49
2024-01-15,2602,Cold,3,,1986-07-25,2.0,1,2,7,0,1986,38
2024-01-31,2246,Hot,2,36.0,1989-04-11,1.0,0,3,3,1,1989,35
2024-01-20,2985,Hot,5,72.0,1980-06-18,1.0,1,1,3,1,1980,44
2024-01-10,2008,Cold,3,,1976-05-23,1.0,0,3,5,0,1976,48
2024-01-24,2308,Cold,2,,1982-07-03,2.0,0,1,1,1,1982,42
2024-01-15,2774,Cold,5,,1986-10-10,0.0,0,1,1,0,1986,38
2024-01-10,2893,Cold,4,,1977-07-19,2.0,0,3,4,0,1977,47
2024-01-15,2001,Cold,4,,1982-03-08,1.0,0,5,10,0,1982,42
2024-01-15,2578,Cold,5,,1969-05-10,1.0,0,1,1,0,1969,55
2024-01-05,2373,Cold,4,,1991-04-20,0.0,1,3,3,0,1991,33
2024-01-19,2605,Cold,2,,1991-07-05,0.0,0,1,5,0,1991,33
2024-01-12,2093,Hot,3,708.0,1962-09-24,,0,2,3,0,1962,62
2024-01-30,2452,Cold,3,,1981-11-26,1.0,1,3,5,0,1981,43
2024-01-23,2089,Cold,5,,1997-12-09,0.0,1,6,6,0,1997,27
2024-01-24,2049,Cold,3,,1989-02-25,2.0,0,3,5,0,1989,35
2024-01-22,2758,Hot,4,56.0,1982-12-29,1.0,0,1,4,1,1982,42
2024-01-29,2521,Cold,5,,1980-04-02,1.0,0,3,1,0,1980,44
2024-01-12,2285,Hot,2,1220.0,1985-08-26,1.0,1,1,10,0,1985,39
2024-01-14,2185,Hot,5,76.0,1980-12-04,1.0,1,1,6,1,1980,44
2024-01-02,2299,Hot,5,87.0,1988-07-07,1.0,0,4,2,0,1988,36
2024-01-29,2761,Cold,1,,1996-05-17,0.0,0,1,1,1,1996,28
2024-01-21,2310,Hot,4,104.0,1979-11-13,2.0,1,3,5,1,1979,45
2024-01-16,2600,Cold,5,,1997-11-05,0.0,1,2,1,0,1997,27
2024-01-30,2583,Cold,5,,1997-09-28,1.0,1,2,1,0,1997,27
2024-01-06,2786,Hot,3,78.0,1988-02-17,1.0,0,4,1,0,1988,36
2024-01-08,2213,Cold,4,,1988-01-02,0.0,1,2,3,0,1988,36
2024-01-17,2855,Cold,5,,1985-04-18,2.0,0,4,4,0,1985,39
2024-01-08,2455,Cold,2,,1978-11-14,1.0,1,5,4,0,1978,46
2024-01-16,2635,Cold,2,,1975-01-31,2.0,1,4,7,0,1975,49
2024-01-21,2581,Hot,5,38.0,1967-01-10,1.0,1,3,2,1,1967,57
2024-01-29,2846,Cold,3,,1979-03-26,1.0,1,2,2,0,1979,45
2024-01-05,2962,Cold,2,,1987-03-23,1.0,1,2,2,1,1987,37
2024-01-09,2476,Cold,3,,1983-02-18,2.0,0,2,4,0,1983,41
2024-01-16,2710,Hot,2,1508.0,1979-03-24,1.0,1,2,2,1,1979,45
2024-01-09,2109,Cold,2,,1980-05-15,2.0,1,2,10,0,1980,44
2024-01-29,2460,Cold,1,,1987-06-05,2.0,1,2,2,1,1987,37
2024-01-29,2297,Cold,3,,1986-12-29,2.0,0,1,3,1,1986,38
2024-01-17,2239,Cold,3,,1975-08-16,1.0,0,4,2,0,1975,49
2024-01-05,2877,Cold,1,,1991-09-28,1.0,0,2,6,0,1991,33
2024-01-08,2456,Cold,2,,1980-02-20,2.0,1,1,2,1,1980,44
2024-01-21,2769,Hot,5,43.0,1965-12-26,,0,2,6,0,1965,59
2024-01-31,2314,Cold,2,,1997-05-25,0.0,0,3,2,0,1997,27
2024-01-27,2840,Hot,5,43.0,1977-05-29,1.0,0,1,4,1,1977,47
2024-01-12,2976,Hot,5,100.0,1997-02-22,0.0,1,3,5,0,1997,27
2024-01-22,2190,Cold,3,,1998-11-04,0.0,1,2,2,0,1998,26
2024-01-22,2651,Cold,5,,1984-06-27,1.0,0,3,1,0,1984,40
2024-01-05,2223,Cold,5,,2002-09-14,0.0,1,2,3,0,2002,22
2024-01-18,2393,Cold,3,,1982-10-16,2.0,0,4,7,0,1982,42
2024-01-08,2794,Cold,4,,1988-08-22,0.0,1,1,2,0,1988,36
2024-01-05,2547,Cold,3,,1997-10-25,0.0,0,1,3,0,1997,27
2024-01-10,2625,Cold,2,,1988-08-02,0.0,0,3,4,0,1988,36
2024-01-08,2868,Hot,3,111.0,1979-10-20,2.0,0,1,2,1,1979,45
2024-01-27,2901,Hot,1,1913.0,1975-03-30,1.0,1,2,3,1,1975,49
2024-01-01,2439,Hot,5,518.0,1975-09-14,,0,1,7,0,1975,49
2024-01-03,2335,Hot,5,1428.0,1979-08-10,1.0,0,1,3,0,1979,45
2024-01-16,2954,Cold,3,,1981-05-04,2.0,0,1,7,0,1981,43
2024-01-17,2836,Cold,5,,1990-03-26,2.0,1,1,1,1,1990,34
2024-01-17,2519,Cold,3,,1978-01-25,1.0,1,3,2,0,1978,46
2024-01-01,2006,Hot,3,119.0,1979-12-30,1.0,0,1,8,0,1979,45
2024-01-08,2330,Cold,1,,1980-11-12,2.0,0,1,4,1,1980,44
2024-01-08,2576,Cold,3,,1984-05-15,1.0,1,3,3,0,1984,40
2024-01-08,2685,Hot,4,81.0,1977-06-03,1.0,1,1,1,1,1977,47
2024-01-16,2718,Hot,1,51.0,1972-01-07,1.0,0,4,5,1,1972,52
2024-01-29,2841,Cold,4,,1977-05-09,2.0,0,5,1,0,1977,47
2024-01-09,2442,Cold,3,,1972-03-23,,0,2,4,0,1972,52
2024-01-14,2173,Hot,2,116.0,1985-10-25,1.0,0,4,1,0,1985,39
2024-01-08,2887,Cold,1,,1981-06-01,1.0,1,1,2,1,1981,43
2024-01-29,2594,Cold,5,,1995-05-23,0.0,1,1,2,0,1995,29
2024-01-10,2781,Cold,3,,1981-12-13,2.0,1,1,7,0,1981,43
2024-01-18,2725,Hot,1,73.0,1983-05-07,1.0,1,1,1,1,1983,41
2024-01-22,2144,Hot,1,78.0,1994-09-29,0.0,1,1,7,1,1994,30
2024-01-29,2694,Cold,5,,1998-04-20,0.0,0,3,4,0,1998,26
2024-01-22,2539,Hot,3,46.0,1989-02-13,1.0,0,2,2,1,1989,35
2024-01-22,2889,Cold,5,,1989-09-24,2.0,0,1,6,0,1989,35
2024-01-25,2286,Hot,5,32.0,1984-12-09,0.0,1,2,2,1,1984,40
2024-01-23,2202,Cold,1,,1974-01-27,2.0,0,4,1,0,1974,50
2024-01-09,2624,Cold,4,,1992-12-31,0.0,0,5,2,0,1992,32
2024-01-26,2249,Cold,3,,1996-01-07,0.0,0,2,2,0,1996,28
2024-01-28,2080,Hot,2,755.0,1998-04-03,0.0,0,1,1,0,1998,26
2024-01-29,2274,Cold,3,,1995-07-14,0.0,0,1,3,0,1995,29
2024-01-08,2056,Cold,1,,2001-06-08,0.0,0,5,1,0,2001,23
2024-01-15,2928,Cold,3,,1982-08-20,2.0,0,1,3,0,1982,42
2024-01-29,2539,Hot,3,46.0,1989-02-13,1.0,0,2,2,1,1989,35
2024-01-22,2646,Hot,1,70.0,1977-07-20,1.0,1,1,1,1,1977,47
2024-01-18,2231,Cold,5,,1994-10-29,1.0,1,4,3,0,1994,30
2024-01-09,2837,Cold,2,,1980-09-28,1.0,0,1,2,1,1980,44
2024-01-11,2548,Cold,3,,1979-07-07,2.0,1,1,2,1,1979,45
2024-01-15,2325,Cold,5,,1975-08-22,1.0,0,3,4,0,1975,49
2024-01-08,2327,Cold,2,,1988-02-20,1.0,0,2,2,0,1988,36
2024-01-18,2209,Cold,5,,2002-01-31,0.0,0,6,5,0,2002,22
2024-01-05,2073,Cold,4,,1972-10-18,1.0,0,3,3,0,1972,52
2024-01-22,2359,Cold,1,,1965-05-26,1.0,0,2,2,1,1965,59
2024-01-31,2167,Hot,5,964.0,1998-04-08,1.0,0,3,3,0,1998,26
2024-01-27,2642,Hot,4,874.0,1997-03-31,0.0,0,2,1,0,1997,27
2024-01-15,2912,Cold,1,,1972-03-29,1.0,0,4,1,0,1972,52
2024-01-08,2094,Cold,5,,1976-03-27,2.0,0,6,7,0,1976,48
2024-01-15,2229,Hot,4,71.0,1990-08-15,0.0,0,1,6,0,1990,34
2024-01-08,2756,Cold,1,,1981-09-10,2.0,1,2,1,1,1981,43
2024-01-14,2753,Hot,1,116.0,1987-12-28,1.0,0,3,1,1,1987,37
2024-01-17,2609,Hot,4,40.0,1984-04-22,1.0,1,1,1,1,1984,40
2024-01-11,2982,Cold,3,,1980-02-06,2.0,0,3,8,0,1980,44
2024-01-03,2394,Hot,5,106.0,1988-05-10,0.0,0,2,3,0,1988,36
2024-01-18,2020,Hot,4,659.0,1990-01-15,0.0,0,4,5,0,1990,34
2024-01-09,2276,Cold,1,,1997-06-17,0.0,1,1,2,0,1997,27
2024-01-19,2435,Hot,3,63.0,1997-03-31,0.0,0,2,1,0,1997,27
2024-01-15,2660,Cold,3,,1974-12-21,1.0,0,2,4,0,1974,50
2024-01-23,3001,Hot,5,25.0,2002-06-25,0.0,0,1,4,1,2002,22
2024-01-30,2423,Cold,2,,1997-09-02,2.0,1,3,2,1,1997,27
2024-01-29,2163,Cold,3,,1998-01-20,0.0,0,4,2,0,1998,26
2024-01-11,2092,Cold,3,,1972-11-14,2.0,1,2,2,1,1972,52
2024-01-09,2915,Cold,3,,1995-12-12,2.0,0,1,6,1,1995,29
2024-01-10,2778,Hot,3,1153.0,1978-09-18,1.0,1,1,3,1,1978,46
2024-01-16,2125,Cold,5,,1977-03-29,1.0,0,1,8,0,1977,47
2024-01-22,2765,Cold,4,,1985-02-28,0.0,1,1,5,0,1985,39
2024-01-27,2708,Hot,5,1.0,1976-08-29,1.0,1,1,5,1,1976,48
2024-01-11,3026,Hot,3,753.0,1996-08-02,0.0,1,5,1,0,1996,28
2024-01-04,2983,Hot,3,1687.0,1980-06-09,1.0,0,4,6,0,1980,44
2024-01-22,2828,Cold,1,,1975-04-29,2.0,0,1,1,0,1975,49
2024-01-05,2506,Hot,1,1158.0,1992-11-30,0.0,1,1,3,1,1992,32
2024-01-27,2141,Hot,3,49.0,1971-10-15,1.0,0,2,1,1,1971,53
2024-01-12,2744,Hot,1,48.0,1968-10-29,1.0,1,4,2,1,1968,56
2024-01-18,2336,Hot,5,41.0,1993-08-12,0.0,1,1,2,1,1993,31
2024-01-29,2193,Cold,5,,1986-05-24,1.0,1,3,9,0,1986,38
2024-01-08,2208,Cold,3,,1984-07-16,1.0,1,1,1,1,1984,40
2024-01-06,2240,Hot,4,1000.0,1996-08-14,0.0,0,4,1,0,1996,28
2024-01-17,2620,Cold,5,,1986-08-13,1.0,1,3,2,0,1986,38
2024-01-22,2077,Hot,2,57.0,1976-12-03,1.0,0,1,1,1,1976,48
2024-01-17,3005,Hot,5,1870.0,1983-11-06,0.0,0,1,2,0,1983,41
2024-01-05,2656,Hot,5,30.0,1996-05-28,0.0,0,1,7,1,1996,28
2024-01-22,2116,Cold,3,,1976-06-18,2.0,0,1,2,1,1976,48
2024-01-09,2811,Cold,4,,1982-05-03,1.0,0,4,4,0,1982,42
2024-01-19,2815,Hot,5,55.0,2002-08-22,0.0,0,3,6,1,2002,22
2024-01-18,2536,Cold,3,,1992-02-15,2.0,1,1,5,0,1992,32
2024-01-28,2356,Hot,3,270.0,1975-06-30,1.0,1,1,3,1,1975,49
2024-01-10,2292,Cold,2,,1971-06-08,2.0,1,1,1,1,1971,53
2024-01-14,2832,Hot,2,1466.0,1977-02-04,1.0,0,1,2,1,1977,47
2024-01-17,2714,Hot,1,83.0,1982-10-23,1.0,0,3,6,1,1982,42
2024-01-19,2260,Hot,5,1607.0,1969-04-13,1.0,0,1,2,0,1969,55
2024-01-10,2736,Cold,1,,1991-07-26,1.0,0,3,3,0,1991,33
2024-01-24,2964,Cold,5,,1988-10-24,2.0,0,3,1,0,1988,36
2024-01-08,2161,Cold,1,,1976-09-11,2.0,0,3,1,1,1976,48
2024-01-08,2298,Cold,1,,1982-02-24,1.0,1,3,5,1,1982,42
2024-01-24,2018,Cold,1,,1986-11-21,1.0,0,3,2,1,1986,38
2024-01-07,2731,Hot,1,83.0,1976-11-12,1.0,1,2,2,1,1976,48
2024-01-09,2012,Cold,2,,1980-10-16,1.0,0,4,3,0,1980,44
2024-01-15,2558,Cold,4,,1960-03-01,1.0,1,1,4,0,1960,64
2024-01-22,2825,Cold,1,,1999-12-23,,1,2,1,1,1999,25
2024-01-27,2777,Hot,3,97.0,1991-08-11,1.0,0,3,6,1,1991,33
2024-01-25,2760,Cold,5,,1985-07-05,2.0,0,1,1,0,1985,39
2024-01-29,2347,Cold,3,,1990-07-13,1.0,0,2,1,0,1990,34
2024-01-22,2965,Cold,4,,1995-02-23,2.0,0,2,1,0,1995,29
2024-01-09,2562,Cold,4,,1984-05-03,1.0,1,3,2,0,1984,40
2024-01-22,2857,Cold,2,,1983-03-27,2.0,1,1,5,1,1983,41
2024-01-24,2597,Cold,2,,1972-08-08,1.0,0,2,3,1,1972,52
2024-01-17,2145,Cold,5,,1979-08-29,2.0,1,1,6,0,1979,45
2024-01-19,2061,Cold,5,,2003-03-08,,1,1,6,1,2003,21
2024-01-08,2172,Cold,2,,1966-04-18,2.0,0,4,2,1,1966,58
2024-01-10,2337,Cold,4,,1982-01-26,1.0,0,1,2,0,1982,42
2024-01-19,3017,Cold,3,,1997-11-19,0.0,0,1,2,0,1997,27
2024-01-09,2157,Hot,3,2.0,1982-10-09,1.0,1,3,5,1,1982,42
2024-01-21,2862,Hot,1,723.0,1987-06-16,1.0,0,4,1,1,1987,37
2024-01-10,2537,Cold,2,,1986-07-31,2.0,1,2,5,1,1986,38
2024-01-03,2303,Hot,2,100.0,1978-06-24,1.0,0,1,2,1,1978,46
2024-01-23,2099,Cold,3,,1996-12-11,2.0,0,1,2,1,1996,28
2024-01-18,2383,Hot,4,19.0,1979-07-26,1.0,1,2,2,1,1979,45
2024-01-10,2879,Cold,3,,1993-05-30,1.0,0,1,1,1,1993,31
2024-01-11,2283,Cold,1,,1993-03-15,1.0,1,1,6,1,1993,31
2024-01-18,2436,Hot,4,87.0,1989-09-04,1.0,0,1,4,0,1989,35
2024-01-15,2222,Cold,1,,1991-01-13,0.0,1,1,1,1,1991,33
2024-01-22,2048,Cold,2,,1982-04-08,1.0,1,3,4,1,1982,42
2024-01-26,2599,Cold,3,,1971-01-18,2.0,0,4,4,0,1971,53
2024-01-11,2263,Cold,3,,1996-02-01,0.0,0,6,1,0,1996,28
2024-01-29,2995,Cold,3,,1994-11-05,1.0,0,3,4,0,1994,30
2024-01-25,2211,Hot,5,67.0,1974-03-04,1.0,0,2,2,0,1974,50
2024-01-09,2742,Hot,5,1029.0,1974-06-29,1.0,0,1,3,0,1974,50
2024-01-15,2883,Cold,2,,1980-07-27,1.0,0,3,3,0,1980,44
2024-01-15,2575,Cold,4,,1969-11-12,2.0,0,2,2,0,1969,55
2024-01-31,2804,Cold,2,,1989-07-21,2.0,0,2,7,0,1989,35
2024-01-08,2572,Hot,3,1782.0,1979-07-28,1.0,1,3,5,1,1979,45
2024-01-31,2970,Cold,3,,1985-05-24,2.0,1,2,4,1,1985,39
2024-01-15,2434,Cold,1,,1989-01-23,0.0,0,3,1,0,1989,35
2024-01-16,2387,Cold,3,,1974-02-16,1.0,0,3,2,0,1974,50
2024-01-22,2140,Cold,3,,1987-11-28,0.0,1,1,4,0,1987,37
2024-01-25,2392,Hot,4,20.0,1987-06-11,1.0,1,1,1,1,1987,37
2024-01-05,3025,Cold,3,,1984-01-10,1.0,0,1,5,0,1984,40
2024-01-09,2351,Cold,2,,1972-07-26,1.0,1,2,4,1,1972,52
2024-01-01,2673,Hot,1,109.0,1990-10-09,1.0,0,6,1,1,1990,34
2024-01-12,2869,Hot,4,61.0,1971-10-30,1.0,0,1,3,0,1971,53
2024-01-08,2687,Hot,3,2.0,1989-11-06,0.0,0,1,2,1,1989,35
2024-01-10,2703,Cold,4,,1996-07-24,0.0,1,1,8,0,1996,28
2024-01-21,2493,Hot,3,293.0,1988-03-29,1.0,0,1,2,1,1988,36
2024-01-24,2563,Cold,1,,1990-02-03,0.0,0,6,5,0,1990,34
2024-01-24,2630,Cold,4,,1989-07-25,0.0,0,3,6,0,1989,35
2024-01-03,2608,Hot,3,93.0,1969-12-31,1.0,1,3,2,0,1969,55
2024-01-15,2106,Cold,3,,1985-02-08,2.0,0,1,1,0,1985,39
2024-01-17,2266,Cold,5,,1979-03-24,2.0,0,1,2,0,1979,45
2024-01-08,2090,Cold,5,,1987-03-09,1.0,1,1,3,0,1987,37
2024-01-21,2368,Hot,5,1993.0,1992-06-02,1.0,0,2,3,0,1992,32
2024-01-09,2634,Cold,3,,1996-11-07,0.0,0,1,1,0,1996,28
2024-01-14,2585,Hot,4,10.0,1996-12-02,0.0,1,1,6,1,1996,28
2024-01-05,2831,Cold,4,,1983-03-27,1.0,0,2,2,0,1983,41
2024-01-19,2692,Cold,1,,1988-09-28,2.0,0,3,1,0,1988,36
2024-01-22,2917,Hot,3,1718.0,1983-08-21,1.0,0,4,3,0,1983,41
2024-01-31,2034,Hot,5,11.0,1974-08-19,1.0,0,1,4,1,1974,50
2024-01-26,2153,Hot,1,1664.0,1984-02-29,1.0,0,5,5,1,1984,40
2024-01-12,2468,Cold,4,,1993-02-27,1.0,0,2,7,0,1993,31
2024-01-15,2768,Cold,5,,1974-09-17,1.0,1,6,3,0,1974,50
2024-01-08,2641,Cold,2,,1997-02-08,0.0,1,3,10,0,1997,27
2024-01-29,2267,Cold,3,,2001-12-26,0.0,0,2,1,0,2001,23
2024-01-08,2433,Cold,2,,1989-09-12,1.0,0,1,2,1,1989,35
2024-01-21,2631,Hot,5,169.0,1972-07-12,1.0,1,5,10,0,1972,52
2024-01-08,2154,Hot,5,657.0,1984-01-17,1.0,1,3,1,0,1984,40
2024-01-10,2113,Hot,3,28.0,1996-11-14,0.0,1,2,3,1,1996,28
2024-01-15,2007,Hot,2,683.0,1965-11-28,1.0,0,1,5,1,1965,59
2024-01-22,2051,Cold,5,,2003-10-08,,1,1,1,1,2003,21
2024-01-19,2850,Cold,2,,1990-04-22,0.0,1,3,2,1,1990,34
2024-01-29,2296,Cold,1,,1960-03-05,2.0,0,2,1,1,1960,64
2024-01-11,2529,Cold,3,,1984-10-30,2.0,1,1,3,0,1984,40
2024-01-23,2115,Hot,5,903.0,1982-08-17,1.0,1,1,9,0,1982,42
2024-01-22,2999,Hot,5,1284.0,1988-05-12,0.0,1,6,2,0,1988,36
2024-01-12,2360,Hot,1,60.0,1987-01-28,1.0,0,1,1,1,1987,37
2024-01-11,2690,Cold,1,,1997-11-15,0.0,1,2,1,1,1997,27
2024-01-08,2196,Cold,3,,1981-05-12,2.0,1,5,5,0,1981,43
2024-01-28,2184,Hot,4,42.0,1980-07-21,1.0,0,3,2,1,1980,44
2024-01-20,2870,Hot,1,1000.0,1981-10-30,1.0,0,3,1,1,1981,43
2024-01-26,2993,Cold,3,,1975-04-25,2.0,0,2,2,0,1975,49
2024-01-30,2593,Cold,3,,1994-09-23,2.0,1,1,1,0,1994,30
2024-01-08,2494,Hot,1,85.0,1970-10-29,,0,3,2,1,1970,54
2024-01-31,2181,Hot,4,1171.0,1979-03-20,2.0,0,1,2,0,1979,45
2024-01-19,2684,Cold,3,,1998-03-13,2.0,0,4,2,0,1998,26
2024-01-03,2510,Hot,4,68.0,1990-05-07,1.0,0,1,4,0,1990,34
2024-01-11,2293,Hot,3,118.0,1996-11-19,0.0,1,6,1,0,1996,28
2024-01-15,2306,Cold,3,,1966-07-18,2.0,0,4,6,0,1966,58
2024-01-18,2652,Cold,3,,1989-12-30,0.0,0,1,7,0,1989,35
2024-01-31,2012,Cold,2,,1980-10-16,1.0,0,4,3,0,1980,44
2024-01-08,2843,Cold,2,,1998-05-28,0.0,0,3,1,0,1998,26
2024-01-29,2717,Hot,2,91.0,1978-07-27,1.0,1,2,6,1,1978,46
2024-01-31,2383,Hot,4,19.0,1979-07-26,1.0,1,2,2,1,1979,45
2024-01-10,2457,Hot,4,6.0,1985-05-17,1.0,1,4,4,1,1985,39
2024-01-22,2859,Cold,5,,1989-09-11,2.0,0,3,4,0,1989,35
2024-01-23,3030,Hot,5,11.0,2004-01-30,,1,2,2,1,2004,20
2024-01-10,2811,Cold,4,,1982-05-03,1.0,0,4,4,0,1982,42
2024-01-18,2320,Cold,3,,1977-09-21,2.0,1,4,5,0,1977,47
2024-01-25,2591,Cold,1,,1985-09-08,2.0,1,2,1,1,1985,39
2024-01-08,2817,Cold,3,,1976-01-12,2.0,0,3,1,0,1976,48
2024-01-18,2305,Hot,3,38.0,1986-03-26,1.0,1,2,2,1,1986,38
2024-01-09,2195,Cold,2,,1998-05-28,2.0,1,3,1,0,1998,26
2024-01-07,2639,Hot,3,801.0,1993-10-20,2.0,0,3,2,0,1993,31
2024-01-25,2147,Hot,3,83.0,1991-08-08,1.0,0,4,3,1,1991,33
2024-01-29,2039,Cold,3,,1985-11-01,1.0,0,1,1,0,1985,39
2024-01-30,2129,Cold,1,,1978-02-16,2.0,1,2,4,1,1978,46
2024-01-13,2975,Hot,3,82.0,1991-03-10,1.0,0,1,5,1,1991,33
2024-01-30,2950,Cold,3,,1975-12-02,1.0,1,3,3,0,1975,49
2024-01-28,3006,Hot,3,43.0,1994-11-20,1.0,1,4,2,1,1994,30
2024-01-10,2053,Cold,3,,1981-07-23,2.0,1,4,2,0,1981,43
2024-01-08,2616,Hot,3,255.0,1980-10-19,1.0,1,3,3,1,1980,44
2024-01-10,2123,Cold,2,,1998-05-25,0.0,1,3,4,0,1998,26
2024-01-26,2174,Hot,3,749.0,1998-10-01,,0,1,6,0,1998,26
2024-01-31,2771,Cold,3,,1978-08-17,1.0,0,3,1,0,1978,46
2024-01-15,2349,Hot,5,57.0,1977-10-15,1.0,0,3,2,1,1977,47
2024-01-30,2998,Hot,3,101.0,1991-09-27,1.0,0,1,1,1,1991,33
2024-01-08,2075,Hot,3,54.0,1980-02-12,1.0,0,1,6,1,1980,44
2024-01-12,2933,Cold,4,,1983-11-06,1.0,0,1,2,0,1983,41
2024-01-23,2065,Cold,2,,1986-03-27,2.0,0,1,1,0,1986,38
2024-01-29,2166,Hot,3,52.0,2001-02-06,1.0,1,1,4,1,2001,23
2024-01-25,2722,Cold,2,,1992-05-20,1.0,1,3,4,0,1992,32
2024-01-29,2729,Cold,5,,1979-12-05,2.0,1,3,4,0,1979,45
2024-01-29,3012,Cold,1,,1993-10-19,1.0,1,3,5,0,1993,31
2024-01-08,2256,Cold,1,,1988-11-30,2.0,0,2,6,0,1988,36
2024-01-11,2322,Cold,3,,1987-10-23,1.0,1,3,6,0,1987,37
2024-01-15,2210,Cold,5,,1996-10-18,0.0,0,1,2,0,1996,28
2024-01-17,2876,Cold,5,,1977-03-28,1.0,1,2,2,0,1977,47
2024-01-18,2474,Cold,1,,2001-08-14,1.0,1,1,2,1,2001,23
2024-01-08,2037,Cold,2,,2001-04-02,0.0,0,1,3,0,2001,23
2024-01-10,2095,Cold,4,,1979-01-17,0.0,1,1,5,0,1979,45
2024-01-09,2426,Cold,4,,1982-07-26,1.0,1,1,9,0,1982,42
2024-01-08,2334,Cold,2,,1971-04-08,2.0,0,3,10,0,1971,53
2024-01-12,2872,Cold,2,,1980-12-10,2.0,1,1,2,1,1980,44
2024-01-01,2864,Hot,2,868.0,1991-11-23,1.0,0,6,3,0,1991,33
2024-01-22,2747,Hot,3,626.0,1969-11-11,1.0,0,2,2,0,1969,55
2024-01-25,2910,Cold,2,,1995-12-23,1.0,1,5,3,0,1995,29
2024-01-05,2058,Cold,3,,1998-02-13,0.0,1,1,6,0,1998,26
2024-01-22,2931,Cold,3,,1985-04-08,1.0,0,2,3,0,1985,39
2024-01-13,2757,Hot,5,58.0,1990-06-22,0.0,1,3,3,1,1990,34
2024-01-08,2495,Cold,5,,1977-04-14,2.0,0,3,2,0,1977,47
2024-01-08,2269,Cold,1,,1984-11-09,1.0,0,3,1,0,1984,40
2024-01-22,2869,Hot,4,61.0,1971-10-30,1.0,0,1,3,0,1971,53
2024-01-15,2192,Cold,4,,1969-01-07,1.0,1,3,1,0,1969,55
2024-01-19,2800,Cold,5,,1974-07-17,1.0,0,2,1,0,1974,50
2024-01-06,2420,Hot,5,1715.0,1978-11-26,1.0,0,2,2,0,1978,46
2024-01-15,2366,Cold,5,,1982-11-23,2.0,0,1,1,0,1982,42
2024-01-16,2416,Cold,1,,1984-09-06,1.0,0,1,4,1,1984,40
2024-01-12,2936,Hot,1,103.0,1986-01-25,1.0,1,2,6,1,1986,38
2024-01-29,2031,Cold,3,,1974-12-07,1.0,1,3,5,0,1974,50
2024-01-08,2863,Cold,4,,1980-10-19,1.0,0,1,4,0,1980,44
2024-01-19,2515,Hot,1,22.0,1988-02-29,1.0,0,3,3,1,1988,36
2024-01-12,2384,Cold,3,,1979-07-04,1.0,0,1,1,1,1979,45
2024-01-08,2735,Cold,5,,1975-12-05,2.0,0,1,3,0,1975,49
2024-01-17,2002,Cold,3,,1977-08-04,2.0,0,1,1,0,1977,47
2024-01-10,2271,Cold,3,,1978-08-27,2.0,0,1,1,1,1978,46
2024-01-20,2146,Hot,4,1283.0,1972-10-16,1.0,0,4,5,0,1972,52
2024-01-15,2043,Cold,1,,1996-11-01,0.0,0,3,2,0,1996,28
2024-01-22,2370,Cold,3,,1975-08-11,1.0,1,1,7,0,1975,49
2024-01-05,2895,Cold,4,,1996-08-26,0.0,0,1,7,0,1996,28
2024-01-10,2584,Cold,1,,1989-05-04,2.0,0,1,3,1,1989,35
2024-01-15,2408,Cold,4,,1977-10-04,1.0,0,1,2,0,1977,47
2024-01-31,2700,Cold,3,,1984-09-28,1.0,1,1,1,1,1984,40
2024-01-08,2492,Cold,3,,1998-09-05,0.0,0,3,3,0,1998,26
2024-01-09,2577,Hot,3,13.0,1988-11-13,0.0,0,5,6,1,1988,36
2024-01-18,2224,Hot,1,5.0,1990-06-03,1.0,0,1,1,1,1990,34
2024-01-29,3020,Cold,4,,1990-03-12,2.0,1,1,2,1,1990,34
2024-01-16,2165,Hot,4,64.0,1990-10-31,1.0,1,2,2,0,1990,34
2024-01-15,2323,Cold,5,,1983-07-09,2.0,1,1,1,0,1983,41
2024-01-22,2554,Cold,5,,1982-01-18,2.0,0,1,1,0,1982,42
2024-01-18,2745,Cold,5,,1992-12-05,1.0,1,1,4,0,1992,32
2024-01-24,2401,Hot,1,89.0,1998-07-12,0.0,0,3,1,1,1998,26
2024-01-22,2524,Cold,3,,1975-07-27,1.0,0,5,2,0,1975,49
2024-01-22,2378,Cold,3,,1977-09-19,1.0,1,4,2,0,1977,47
2024-01-27,2078,Hot,1,81.0,1997-07-08,0.0,1,2,1,1,1997,27
2024-01-08,2738,Cold,4,,1979-04-15,2.0,1,2,4,0,1979,45
2024-01-18,2108,Cold,2,,1987-10-22,2.0,1,2,6,1,1987,37
2024-01-29,2253,Cold,3,,1975-12-08,2.0,0,3,1,0,1975,49
2024-01-16,2686,Cold,4,,1987-12-13,1.0,1,3,1,0,1987,37
2024-01-10,2405,Cold,5,,1983-02-27,1.0,1,2,3,0,1983,41
2024-01-17,2696,Hot,4,72.0,1976-10-11,1.0,0,6,2,0,1976,48
2024-01-05,2045,Cold,3,,1993-05-27,2.0,1,2,5,1,1993,31
2024-01-31,2805,Hot,3,1162.0,1984-08-15,1.0,1,4,1,0,1984,40
2024-01-07,2413,Hot,2,662.0,1975-06-03,1.0,0,2,5,1,1975,49
2024-01-08,2556,Cold,2,,1977-01-25,2.0,1,1,6,0,1977,47
2024-01-31,2583,Cold,5,,1997-09-28,1.0,1,2,1,0,1997,27
2024-01-26,2162,Cold,1,,1974-09-15,2.0,0,1,1,1,1974,50
2024-01-10,2527,Hot,2,46.0,1984-03-03,1.0,0,2,3,1,1984,40
2024-01-15,2472,Cold,2,,1983-12-10,1.0,1,1,6,0,1983,41
2024-01-31,2047,Cold,5,,1976-01-04,2.0,0,2,7,0,1976,48
2024-01-16,2949,Cold,2,,1985-06-14,2.0,0,2,5,1,1985,39
2024-01-08,2632,Cold,2,,1991-02-10,2.0,1,3,3,1,1991,33
2024-01-29,2074,Cold,5,,1970-06-28,1.0,0,3,4,0,1970,54
2024-01-31,2662,Hot,4,348.0,1994-02-08,0.0,0,1,1,1,1994,30
2024-01-25,2874,Cold,3,,1980-08-24,1.0,0,1,4,1,1980,44
2024-01-21,2247,Hot,3,49.0,1971-12-25,1.0,1,2,5,1,1971,53
2024-01-09,2168,Hot,5,6.0,1978-04-30,1.0,1,3,2,1,1978,46
2024-01-08,2523,Cold,4,,1987-06-08,0.0,0,4,7,0,1987,37
2024-01-08,2640,Cold,2,,1965-02-07,2.0,0,1,4,0,1965,59
2024-01-19,2411,Cold,5,,1984-12-20,1.0,0,1,3,0,1984,40
2024-01-11,2374,Cold,3,,1983-10-10,2.0,0,1,4,0,1983,41
2024-01-14,2467,Hot,5,1959.0,1991-03-02,1.0,1,1,5,0,1991,33
2024-01-16,2617,Cold,2,,1987-04-01,1.0,1,3,2,1,1987,37
2024-01-29,2222,Cold,1,,1991-01-13,0.0,1,1,1,1,1991,33
2024-01-22,2469,Cold,4,,1981-08-21,2.0,1,1,3,0,1981,43
2024-01-08,2277,Cold,3,,1979-03-02,1.0,0,4,3,0,1979,45
2024-01-11,2509,Hot,1,113.0,1976-05-18,1.0,0,3,3,1,1976,48
2024-01-05,2904,Hot,4,614.0,1979-01-13,2.0,1,1,4,1,1979,45
2024-01-10,2137,Cold,4,,1977-01-11,1.0,0,3,2,0,1977,47
2024-01-20,2250,Hot,2,82.0,1982-10-22,1.0,1,3,2,1,1982,42
2024-01-04,2273,Hot,4,1325.0,1979-06-17,2.0,1,3,1,1,1979,45
2024-01-16,2943,Cold,3,,1976-10-08,2.0,1,3,2,0,1976,48
2024-01-30,2779,Cold,3,,1987-07-10,2.0,0,2,2,0,1987,37
2024-01-01,2040,Hot,5,968.0,1979-03-06,1.0,0,1,4,0,1979,45
2024-01-08,2937,Cold,1,,1988-11-19,1.0,1,6,2,0,1988,36
2024-01-07,2282,Hot,1,106.0,1994-04-08,0.0,0,3,8,0,1994,30
2024-01-10,2063,Hot,3,49.0,1985-03-10,1.0,0,4,4,1,1985,39
2024-01-19,2060,Cold,3,,1981-10-18,2.0,0,4,1,0,1981,43
2024-01-29,2429,Cold,2,,1977-10-23,1.0,0,2,5,0,1977,47
2024-01-17,2739,Cold,5,,1998-08-10,0.0,0,2,3,0,1998,26
2024-01-30,2076,Hot,4,1428.0,1991-12-25,0.0,0,1,4,0,1991,33
2024-01-30,2666,Hot,5,87.0,1981-08-03,1.0,0,2,5,0,1981,43
2024-01-25,2270,Cold,2,,1989-08-05,1.0,1,5,3,0,1989,35
2024-01-08,2228,Cold,5,,1969-12-19,1.0,0,1,6,0,1969,55
2024-01-25,2725,Hot,1,73.0,1983-05-07,1.0,1,1,1,1,1983,41
2024-01-01,3030,Hot,5,11.0,2004-01-30,,1,2,2,1,2004,20
2024-01-26,2021,Cold,3,,1996-05-23,0.0,1,1,2,1,1996,28
2024-01-31,2024,Hot,2,72.0,1978-07-01,1.0,1,4,1,1,1978,46
2024-01-23,2449,Cold,4,,1969-01-06,1.0,0,3,3,0,1969,55
2024-01-31,2505,Hot,4,14.0,1972-01-18,1.0,0,3,4,1,1972,52
2024-01-08,2385,Cold,1,,1998-08-14,0.0,1,3,2,0,1998,26
2024-01-15,2645,Hot,1,748.0,1998-05-24,0.0,0,3,3,0,1998,26
2024-01-19,2238,Hot,1,66.0,1998-01-21,0.0,0,1,3,0,1998,26
2024-01-11,2881,Cold,4,,1990-10-18,1.0,1,4,3,0,1990,34
2024-01-16,2057,Cold,4,,1978-11-30,2.0,1,1,5,0,1978,46
2024-01-08,2483,Cold,2,,1995-03-12,0.0,0,1,2,1,1995,29
2024-01-17,2730,Hot,4,1856.0,1982-02-20,1.0,0,1,2,1,1982,42
2024-01-26,2438,Cold,2,,1978-06-11,2.0,0,1,3,1,1978,46
2024-01-08,2339,Cold,4,,1996-06-29,0.0,0,4,5,0,1996,28
2024-01-08,2324,Cold,3,,1983-07-27,1.0,0,3,7,0,1983,41
2024-01-29,2083,Cold,4,,1977-04-15,2.0,0,3,5,0,1977,47
2024-01-06,2221,Hot,2,973.0,1986-01-30,1.0,0,1,5,0,1986,38
2024-01-23,2150,Cold,4,,1988-06-23,2.0,0,5,1,0,1988,36
2024-01-29,2248,Cold,5,,1967-05-13,2.0,0,4,2,0,1967,57
2024-01-10,2871,Cold,1,,1997-02-20,0.0,0,4,8,0,1997,27
2024-01-02,2300,Hot,3,1777.0,1992-09-24,0.0,0,1,3,0,1992,32
2024-01-09,2592,Cold,4,,1980-03-24,2.0,1,5,1,0,1980,44
2024-01-08,2128,Cold,1,,1994-06-21,0.0,1,1,4,0,1994,30
2024-01-12,2844,Cold,4,,1983-06-29,1.0,1,4,2,0,1983,41
2024-01-20,2861,Hot,3,6.0,1985-07-17,0.0,0,1,4,1,1985,39
2024-01-14,2827,Hot,3,186.0,1978-02-21,1.0,0,4,3,0,1978,46
2024-01-29,2955,Cold,5,,1990-03-02,2.0,1,1,1,0,1990,34
2024-01-29,2932,Cold,3,,1981-01-15,2.0,0,1,2,1,1981,43
2024-01-15,2963,Cold,1,,1983-11-19,2.0,0,1,2,0,1983,41
2024-01-13,3009,Hot,4,117.0,1974-03-12,1.0,1,3,2,0,1974,50
2024-01-10,2856,Cold,3,,1978-08-17,1.0,0,1,4,0,1978,46
2024-01-18,2427,Hot,5,10.0,1980-06-05,1.0,0,1,3,1,1980,44
2024-01-10,2044,Cold,4,,1976-07-17,1.0,1,2,4,0,1976,48
2024-01-22,2462,Cold,2,,1983-01-23,1.0,0,1,6,0,1983,41
2024-01-13,2176,Hot,2,140.0,1972-03-09,1.0,1,4,2,1,1972,52
2024-01-09,2255,Hot,3,1686.0,1981-06-10,1.0,1,3,3,0,1981,43
2024-01-22,2921,Cold,2,,1992-11-23,1.0,0,2,2,0,1992,32
2024-01-05,2265,Cold,1,,1997-09-08,0.0,0,4,2,0,1997,27
2024-01-29,2487,Cold,3,,1980-09-06,2.0,1,1,1,1,1980,44
2024-01-15,3029,Hot,3,1226.0,1979-04-11,1.0,0,1,1,1,1979,45
2024-01-20,2810,Hot,4,93.0,1987-04-15,1.0,0,2,9,0,1987,37
2024-01-08,2437,Cold,4,,1968-01-19,1.0,1,6,5,0,1968,56
2024-01-11,2242,Cold,1,,2001-11-10,0.0,0,4,2,0,2001,23
2024-01-15,2750,Cold,3,,1996-06-26,0.0,0,1,2,0,1996,28
2024-01-30,2197,Cold,1,,1986-02-11,1.0,0,1,2,1,1986,38
2024-01-25,2613,Cold,3,,1996-07-28,2.0,0,3,7,0,1996,28
2024-01-23,3005,Hot,5,1870.0,1983-11-06,0.0,0,1,2,0,1983,41
2024-01-29,2107,Cold,5,,1960-10-30,1.0,0,1,1,0,1960,64
2024-01-09,2626,Hot,5,84.0,1973-10-24,1.0,1,1,4,1,1973,51
2024-01-23,2691,Hot,3,310.0,1969-04-24,1.0,0,2,3,1,1969,55
2024-01-03,2849,Hot,3,977.0,1986-08-10,1.0,0,4,1,0,1986,38
2024-01-10,2500,Cold,5,,1976-06-15,1.0,0,1,1,0,1976,48
2024-01-10,3015,Cold,3,,1994-02-16,0.0,0,3,10,0,1994,30
2024-01-08,2004,Cold,5,,1976-02-26,2.0,1,1,5,0,1976,48
2024-01-15,2143,Cold,2,,1975-10-17,1.0,1,1,4,1,1975,49
2024-01-09,2808,Cold,3,,1990-03-17,2.0,0,4,9,0,1990,34
2024-01-09,2445,Cold,1,,1967-09-06,1.0,0,3,5,0,1967,57
2024-01-30,2604,Hot,5,1.0,1982-03-06,1.0,0,1,2,1,1982,42
2024-01-08,2766,Cold,5,,1983-06-08,2.0,1,3,1,0,1983,41
2024-01-10,2080,Hot,2,755.0,1998-04-03,0.0,0,1,1,0,1998,26
2024-01-25,2372,Hot,5,1110.0,1979-01-15,1.0,0,1,1,0,1979,45
2024-01-11,2986,Cold,4,,1993-09-23,0.0,0,6,3,0,1993,31
2024-01-16,2911,Cold,1,,1988-07-24,1.0,1,1,3,1,1988,36
2024-01-18,2930,Cold,4,,1985-01-24,2.0,0,1,2,0,1985,39
2024-01-11,2191,Cold,1,,1990-04-28,2.0,0,4,5,0,1990,34
2024-01-19,2491,Cold,2,,1982-11-25,2.0,0,1,1,1,1982,42
2024-01-20,2923,Hot,1,71.0,1978-11-27,,0,4,3,0,1978,46
2024-01-08,2728,Hot,3,1247.0,1984-12-04,1.0,0,1,6,0,1984,40
2024-01-03,2852,Hot,1,1224.0,1983-10-05,1.0,0,2,4,1,1983,41
2024-01-08,2179,Cold,3,,1981-04-25,2.0,0,6,1,0,1981,43
2024-01-11,2918,Cold,1,,1981-03-02,1.0,0,3,3,0,1981,43
2024-01-23,2882,Cold,4,,1972-04-29,,0,3,2,0,1972,52
2024-01-23,2905,Hot,1,48.0,1981-12-04,1.0,1,2,3,1,1981,43
2024-01-09,2028,Cold,2,,1984-11-28,1.0,0,4,9,0,1984,40
2024-01-19,2629,Hot,3,1120.0,1996-10-28,0.0,0,1,2,0,1996,28
2024-01-02,2806,Hot,3,1220.0,1978-03-18,1.0,1,3,2,1,1978,46
2024-01-15,2333,Cold,5,,1981-03-06,1.0,0,2,2,0,1981,43
2024-01-28,2683,Hot,1,70.0,1972-06-02,1.0,1,4,4,1,1972,52
2024-01-18,2966,Hot,1,108.0,1986-03-13,1.0,1,2,2,1,1986,38
2024-01-25,2520,Cold,4,,1994-08-26,0.0,0,2,2,0,1994,30
2024-01-04,2156,Hot,5,99.0,1992-10-13,1.0,0,1,1,1,1992,32
2024-01-08,2412,Hot,3,89.0,1984-03-20,1.0,1,4,2,0,1984,40
2024-01-08,2743,Hot,5,415.0,1977-12-30,1.0,0,4,1,0,1977,47
2024-01-29,2291,Cold,3,,1991-02-08,1.0,0,4,1,0,1991,33
2024-01-30,2732,Hot,2,72.0,1984-02-13,1.0,0,4,6,1,1984,40
2024-01-25,2555,Cold,4,,1986-06-06,2.0,1,4,5,0,1986,38
2024-01-31,2603,Hot,4,35.0,1979-04-23,1.0,1,4,6,1,1979,45
2024-01-29,2665,Cold,4,,1990-11-10,0.0,0,2,7,0,1990,34
2024-01-19,2607,Cold,3,,1991-06-20,0.0,1,1,5,1,1991,33
2024-01-30,2199,Hot,3,317.0,1982-04-15,1.0,0,1,2,1,1982,42
2024-01-22,2114,Cold,1,,1991-05-17,0.0,1,1,4,0,1991,33
2024-01-16,2621,Hot,4,68.0,1972-03-18,1.0,0,3,2,0,1972,52
2024-01-03,2119,Hot,5,1099.0,1984-08-02,1.0,1,1,3,0,1984,40
2024-01-17,2315,Hot,2,16.0,1979-11-28,1.0,0,3,6,1,1979,45
2024-01-30,2654,Cold,2,,1970-09-13,,0,1,6,1,1970,54
2024-01-22,2953,Cold,5,,1981-10-24,2.0,0,3,1,0,1981,43
2024-01-11,2798,Cold,3,,1986-11-23,1.0,0,2,1,0,1986,38
2024-01-08,2081,Cold,5,,1984-11-04,1.0,0,4,8,0,1984,40
2024-01-19,2957,Cold,5,,1996-07-27,2.0,1,2,3,0,1996,28
2024-01-10,2046,Cold,3,,1978-07-27,2.0,1,3,4,1,1978,46
2024-01-19,2802,Cold,3,,1984-01-19,2.0,1,1,10,1,1984,40
2024-01-08,2929,Cold,1,,1976-10-18,1.0,1,2,5,1,1976,48
2024-01-15,2219,Cold,5,,1973-07-14,2.0,0,4,4,0,1973,51
2024-01-12,2661,Cold,3,,1985-09-10,0.0,1,2,3,0,1985,39
2024-01-12,2241,Cold,1,,1993-03-18,1.0,1,4,2,0,1993,31
2024-01-08,2387,Cold,3,,1974-02-16,1.0,0,3,2,0,1974,50
2024-01-05,2541,Hot,2,81.0,1998-04-26,0.0,0,2,1,1,1998,26
2024-01-09,2359,Cold,1,,1965-05-26,1.0,0,2,2,1,1965,59
2024-01-10,2959,Hot,1,807.0,1986-12-29,1.0,0,1,2,1,1986,38
2024-01-22,2503,Cold,1,,1978-08-13,1.0,1,3,4,1,1978,46
2024-01-23,2117,Hot,4,1005.0,1984-06-29,1.0,0,3,6,0,1984,40
2024-01-29,2524,Cold,3,,1975-07-27,1.0,0,5,2,0,1975,49
2024-01-08,2325,Cold,5,,1975-08-22,1.0,0,3,4,0,1975,49
2024-01-22,2160,Cold,4,,1996-07-02,2.0,0,2,6,0,1996,28
2024-01-23,2621,Hot,4,68.0,1972-03-18,1.0,0,3,2,0,1972,52
2024-01-28,2740,Hot,5,736.0,1981-09-10,1.0,0,1,1,0,1981,43
2024-01-30,2419,Hot,5,8.0,2008-03-16,0.0,0,4,2,1,2008,16
2024-01-15,2398,Cold,2,,1992-04-28,0.0,1,3,3,0,1992,32
2024-01-19,2131,Hot,1,622.0,1980-10-08,1.0,0,3,3,0,1980,44
2024-01-23,2252,Cold,1,,1989-08-03,0.0,0,1,3,0,1989,35
2024-01-11,2353,Cold,4,,1993-09-08,0.0,0,1,4,0,1993,31
2024-01-03,2564,Hot,3,103.0,1983-12-06,1.0,1,4,5,1,1983,41
2024-01-11,2711,Hot,2,115.0,1986-05-21,1.0,0,1,9,1,1986,38
2024-01-15,2220,Cold,4,,1969-12-04,1.0,0,1,1,0,1969,55
2024-01-24,2512,Hot,2,3.0,1997-01-28,0.0,1,2,3,1,1997,27
2024-01-15,2326,Cold,2,,1982-09-02,2.0,1,1,7,1,1982,42
2024-01-26,2466,Hot,3,105.0,1994-02-20,1.0,0,2,10,1,1994,30
2024-01-29,2896,Cold,2,,1998-02-08,,0,2,3,0,1998,26
2024-01-19,2345,Cold,2,,1980-05-07,0.0,0,1,2,1,1980,44
2024-01-24,2682,Hot,5,48.0,1982-08-16,1.0,0,1,1,1,1982,42
2024-01-09,3007,Hot,2,92.0,1976-08-19,1.0,0,1,6,1,1976,48
2024-01-26,2244,Cold,3,,1988-05-28,1.0,1,3,3,0,1988,36
2024-01-28,2207,Hot,5,71.0,1991-05-28,1.0,1,6,1,0,1991,33
2024-01-05,2571,Hot,2,530.0,1992-10-24,1.0,0,3,5,0,1992,32
2024-01-11,2706,Cold,5,,1978-01-05,2.0,1,2,1,0,1978,46
2024-01-08,2568,Cold,4,,1970-09-24,1.0,1,1,3,0,1970,54
2024-01-08,2940,Cold,2,,1975-08-17,1.0,0,3,2,0,1975,49
2024-01-22,2980,Cold,5,,1976-08-15,1.0,1,1,2,0,1976,48
2024-01-29,2068,Cold,5,,1998-10-11,0.0,0,4,7,0,1998,26
2024-01-26,2295,Hot,1,182.0,1961-11-14,1.0,1,3,1,1,1961,63
2024-01-10,2200,Cold,1,,1986-02-20,2.0,1,3,5,1,1986,38
2024-01-15,2304,Cold,4,,1979-02-15,1.0,0,6,1,0,1979,45
2024-01-17,2680,Hot,1,83.0,1981-04-19,1.0,1,2,7,1,1981,43
2024-01-08,2307,Cold,1,,1973-01-09,2.0,1,3,1,1,1973,51
2024-01-17,2231,Cold,5,,1994-10-29,1.0,1,4,3,0,1994,30
2024-01-10,2909,Cold,3,,1972-05-08,1.0,1,3,4,0,1972,52
2024-01-08,2958,Cold,3,,1983-03-25,1.0,0,3,6,0,1983,41
2024-01-21,2679,Hot,2,16.0,1984-11-07,1.0,0,2,4,1,1984,40
2024-01-26,2723,Hot,1,441.0,1974-04-03,1.0,0,3,2,1,1974,50
2024-01-04,2025,Hot,3,112.0,1979-01-01,1.0,1,1,5,1,1979,45
2024-01-25,2403,Hot,1,458.0,1983-08-27,1.0,0,4,3,0,1983,41
2024-01-16,2574,Cold,1,,1994-03-03,0.0,0,4,9,0,1994,30
2024-01-12,2888,Hot,5,82.0,1998-04-26,0.0,0,3,4,0,1998,26
2024-01-22,2059,Hot,3,1940.0,1969-01-25,1.0,1,1,7,1,1969,55
2024-01-04,2480,Hot,1,43.0,1998-11-18,0.0,1,4,5,1,1998,26
2024-01-04,2939,Hot,4,19.0,1993-12-12,1.0,0,1,5,1,1993,31
2024-01-18,2367,Cold,5,,1988-08-10,1.0,0,2,6,0,1988,36
2024-01-08,2606,Cold,3,,1976-04-25,2.0,0,2,5,0,1976,48
2024-01-10,2941,Cold,5,,1984-08-25,1.0,0,1,3,0,1984,40
2024-01-29,2935,Hot,3,37.0,1987-04-30,1.0,0,1,3,1,1987,37
2024-01-14,2580,Hot,5,18.0,1972-04-26,1.0,1,1,4,1,1972,52
2024-01-09,2088,Cold,3,,1996-08-19,2.0,0,3,7,0,1996,28
2024-01-15,2215,Cold,3,,1994-07-08,1.0,0,2,1,0,1994,30
2024-01-30,2093,Hot,3,708.0,1962-09-24,1.0,0,2,3,0,1962,62
2024-01-09,2987,Cold,3,,1977-01-10,1.0,1,1,1,0,1977,47
2024-01-31,2245,Cold,3,,1976-07-24,1.0,0,3,7,0,1976,48
2024-01-26,2839,Hot,4,994.0,1981-05-16,2.0,1,2,2,1,1981,43
2024-01-08,2030,Cold,2,,1997-05-25,0.0,0,3,2,0,1997,27
2024-01-30,2102,Cold,3,,1988-08-10,1.0,0,2,6,0,1988,36
2024-01-11,2104,Cold,3,,1971-06-16,1.0,0,2,7,0,1971,53
2024-01-08,2586,Cold,3,,1988-08-04,0.0,0,4,3,0,1988,36
2024-01-15,2499,Cold,2,,1982-06-28,1.0,1,1,1,0,1982,42
2024-01-19,2890,Cold,4,,1972-06-08,2.0,0,1,4,0,1972,52
2024-01-15,2746,Cold,2,,1979-06-15,1.0,1,1,2,1,1979,45
2024-01-15,2820,Cold,5,,1979-12-31,1.0,0,1,8,0,1979,45
2024-01-15,2988,Hot,2,65.0,1982-02-09,1.0,1,2,3,1,1982,42
2024-01-20,2623,Hot,1,1405.0,1986-02-15,1.0,1,1,1,1,1986,38
2024-01-29,2382,Cold,3,,1992-08-27,2.0,0,1,1,0,1992,32
2024-01-17,2290,Cold,1,,1985-12-09,2.0,0,2,1,0,1985,39
2024-01-23,2348,Hot,3,33.0,1975-06-17,1.0,0,3,6,1,1975,49
2024-01-24,2485,Hot,2,73.0,1987-12-19,1.0,1,6,4,0,1987,37
2024-01-25,2919,Hot,1,106.0,1978-11-14,1.0,0,1,5,1,1978,46
2024-01-09,2188,Cold,3,,1998-10-27,0.0,0,4,5,0,1998,26
2024-01-22,2925,Cold,5,,1977-10-22,1.0,0,4,1,0,1977,47
2024-01-12,2388,Hot,5,924.0,1991-10-31,1.0,1,3,7,0,1991,33
2024-01-23,2538,Hot,3,78.0,1965-01-20,1.0,0,3,2,0,1965,59
2024-01-16,2430,Cold,4,,1990-10-04,2.0,0,1,1,0,1990,34
2024-01-17,2716,Cold,3,,1997-11-24,0.0,1,2,5,0,1997,27
2024-01-23,2518,Hot,4,68.0,1976-11-02,1.0,1,2,2,0,1976,48
2024-01-15,2111,Cold,1,,1974-07-09,1.0,0,1,10,0,1974,50
2024-01-01,2767,Hot,3,197.0,1986-02-13,1.0,0,1,3,1,1986,38
2024-01-02,2927,Hot,2,1442.0,1967-01-29,1.0,0,1,6,0,1967,57
2024-01-05,2891,Cold,3,,1966-08-06,1.0,1,1,1,1,1966,58
2024-01-31,2070,Cold,2,,1993-12-04,1.0,0,1,3,0,1993,31
2024-01-08,2878,Cold,1,,1973-06-29,2.0,1,1,1,1,1973,51
2024-01-17,2318,Cold,5,,1981-10-01,1.0,0,1,2,0,1981,43
2024-01-10,2675,Hot,4,117.0,1982-02-01,1.0,0,2,4,0,1982,42
2024-01-19,2458,Hot,5,571.0,1995-01-01,0.0,0,3,4,0,1995,29
2024-01-28,2149,Hot,3,1789.0,1990-07-30,1.0,0,2,2,0,1990,34
2024-01-18,2895,Cold,4,,1996-08-26,0.0,0,1,7,0,1996,28
2024-01-14,3021,Hot,5,1215.0,1982-07-01,1.0,0,1,10,0,1982,42
2024-01-17,2948,Cold,3,,1984-07-12,0.0,1,3,6,0,1984,40
2024-01-29,2969,Hot,3,115.0,1983-01-16,1.0,1,1,5,1,1983,41
2024-01-05,2214,Cold,2,,1973-04-23,1.0,0,2,2,0,1973,51
2024-01-31,2016,Cold,5,,1987-02-25,0.0,1,2,5,0,1987,37
2024-01-08,2653,Cold,3,,1984-08-24,2.0,0,2,5,0,1984,40
2024-01-04,2793,Hot,3,651.0,1974-11-24,1.0,0,1,6,1,1974,50
2024-01-03,2142,Hot,3,324.0,1980-03-05,1.0,1,1,2,1,1980,44
2024-01-29,2676,Cold,4,,1990-04-26,0.0,1,1,2,0,1990,34
2024-01-08,2463,Cold,3,,1985-05-27,0.0,1,4,5,0,1985,39
2024-01-31,2201,Cold,5,,1996-03-23,1.0,0,3,2,0,1996,28
2024-01-09,2218,Cold,5,,1991-08-22,1.0,1,4,2,0,1991,33
2024-01-10,2272,Cold,2,,1980-02-18,1.0,0,2,1,1,1980,44
2024-01-02,2664,Hot,1,580.0,1997-02-12,0.0,0,6,3,0,1997,27
2024-01-16,2473,Cold,3,,1981-09-22,1.0,0,4,7,0,1981,43
2024-01-22,2290,Cold,1,,1985-12-09,2.0,0,2,1,0,1985,39
2024-01-26,2452,Cold,3,,1981-11-26,1.0,1,3,5,0,1981,43
2024-01-17,2132,Cold,5,,1983-04-02,2.0,1,3,7,0,1983,41
2024-01-15,2284,Hot,4,62.0,1982-02-04,1.0,0,3,8,0,1982,42
2024-01-17,2540,Hot,3,114.0,1981-11-03,1.0,0,2,2,1,1981,43
2024-01-02,2693,Hot,4,893.0,1990-06-26,1.0,0,1,1,0,1990,34
2024-01-08,2886,Cold,4,,1996-07-09,2.0,0,3,2,0,1996,28
2024-01-24,2655,Cold,4,,1974-01-29,2.0,0,1,1,0,1974,50
2024-01-18,2087,Cold,5,,1972-02-04,2.0,0,1,6,0,1972,52
2024-01-30,2130,Cold,3,,1983-01-16,1.0,0,6,7,0,1983,41
2024-01-26,2405,Cold,5,,1983-02-27,1.0,1,2,3,0,1983,41
2024-01-14,2286,Hot,5,32.0,1984-12-09,0.0,1,2,2,1,1984,40
2024-01-23,2376,Cold,5,,1994-11-22,2.0,1,3,4,0,1994,30
2024-01-18,2005,Hot,4,91.0,1981-08-26,1.0,0,2,6,0,1981,43
2024-01-15,2187,Cold,4,,1976-12-28,1.0,1,2,2,0,1976,48
2024-01-08,2525,Cold,4,,1981-10-15,1.0,0,4,3,0,1981,43
2024-01-08,2543,Cold,4,,1986-06-03,2.0,0,3,2,0,1986,38
2024-01-05,2951,Hot,4,1.0,1971-01-02,1.0,1,4,4,1,1971,53
2024-01-22,2402,Cold,1,,1983-01-17,1.0,0,1,4,1,1983,41
2024-01-14,2838,Hot,3,1560.0,1989-08-06,1.0,0,3,6,0,1989,35
2024-01-15,2546,Hot,5,38.0,1979-11-21,1.0,0,1,7,1,1979,45
2024-01-06,2261,Hot,3,1552.0,1982-10-08,1.0,1,1,7,1,1982,42
2024-01-31,2446,Cold,3,,1986-11-22,1.0,1,2,4,1,1986,38
2024-01-15,2206,Cold,3,,1982-08-31,2.0,1,2,3,1,1982,42
2024-01-16,2669,Cold,3,,1987-10-10,1.0,0,4,1,0,1987,37
2024-01-01,2544,Hot,5,18.0,1975-04-24,1.0,0,1,5,1,1975,49
2024-01-28,2112,Hot,2,106.0,1979-01-09,1.0,1,1,6,1,1979,45
2024-01-11,2072,Cold,1,,1969-01-03,2.0,1,4,7,1,1969,55
2024-01-19,2650,Cold,3,,1972-07-16,1.0,1,3,1,0,1972,52
2024-01-25,2902,Cold,3,,2000-02-04,1.0,0,6,5,0,2000,24
2024-01-24,2644,Cold,2,,1989-05-03,2.0,1,3,2,1,1989,35
2024-01-04,2475,Hot,5,45.0,1988-11-02,1.0,1,1,3,1,1988,36
2024-01-22,2459,Cold,1,,1984-05-08,2.0,0,1,3,0,1984,40
2024-01-22,2805,Hot,3,1162.0,1984-08-15,1.0,1,4,1,0,1984,40
2024-01-29,2647,Cold,5,,1982-06-23,1.0,1,2,2,0,1982,42
2024-01-10,2865,Cold,2,,1991-09-14,1.0,0,2,9,0,1991,33
2024-01-09,2797,Cold,3,,1991-03-10,1.0,0,4,2,0,1991,33
2024-01-09,2764,Cold,5,,1979-11-13,2.0,1,1,10,0,1979,45
2024-01-11,2482,Cold,2,,1989-06-10,1.0,0,6,6,0,1989,35
2024-01-06,2648,Hot,3,1286.0,1980-03-16,1.0,0,2,9,0,1980,44
2024-01-09,2071,Cold,5,,1980-11-12,2.0,1,3,4,0,1980,44
2024-01-07,2633,Hot,1,526.0,1988-02-16,1.0,1,1,2,1,1988,36
2024-01-15,2880,Cold,5,,1985-02-08,2.0,0,6,5,0,1985,39
2024-01-31,2364,Cold,5,,1975-08-16,2.0,0,2,1,0,1975,49
2024-01-23,2628,Cold,5,,1997-05-18,0.0,0,1,4,0,1997,27
2024-01-12,2526,Cold,1,,1970-08-17,1.0,1,1,4,0,1970,54
2024-01-26,2913,Cold,5,,1986-01-21,2.0,0,1,4,0,1986,38
2024-01-13,2809,Hot,5,107.0,1969-11-06,1.0,1,3,1,1,1969,55
2024-01-18,2118,Cold,4,,1990-10-29,1.0,1,3,2,0,1990,34
2024-01-18,2418,Cold,3,,1977-05-13,1.0,0,6,6,0,1977,47
2024-01-18,2561,Hot,5,595.0,1992-08-01,1.0,0,3,1,0,1992,32
2024-01-26,2884,Cold,5,,1978-11-28,1.0,0,1,5,0,1978,46
2024-01-11,2280,Cold,3,,1981-09-03,1.0,1,4,2,0,1981,43
2024-01-15,2755,Hot,2,1030.0,1999-08-01,,0,2,2,0,1999,25
2024-01-17,2710,Hot,2,1508.0,1979-03-24,1.0,1,2,2,1,1979,45
2024-01-20,2726,Hot,4,97.0,1966-09-11,1.0,0,2,1,1,1966,58
2024-01-23,2418,Cold,3,,1977-05-13,1.0,0,6,6,0,1977,47
2024-01-10,2531,Cold,1,,1994-06-17,2.0,0,3,7,0,1994,30
2024-01-10,2943,Cold,3,,1976-10-08,2.0,1,3,2,0,1976,48
2024-01-11,3028,Hot,2,50.0,1990-03-22,1.0,0,4,2,1,1990,34
2024-01-08,2847,Cold,3,,1982-11-22,1.0,0,3,2,0,1982,42
2024-01-20,2294,Hot,3,76.0,1995-07-09,1.0,0,4,1,1,1995,29
2024-01-22,2122,Hot,2,1828.0,1994-02-12,0.0,0,2,4,0,1994,30
2024-01-23,2335,Hot,5,1428.0,1979-08-10,1.0,0,1,3,0,1979,45
2024-01-15,2015,Hot,2,244.0,1996-07-13,1.0,1,2,5,1,1996,28
2024-01-29,2903,Hot,2,1.0,1981-04-03,1.0,1,1,2,1,1981,43
2024-01-19,2333,Cold,5,,1981-03-06,1.0,0,2,2,0,1981,43
2024-01-12,2264,Cold,3,,1982-12-01,2.0,0,3,2,0,1982,42
2024-01-08,2721,Cold,3,,1979-10-24,2.0,0,3,3,0,1979,45
2024-01-11,2321,Hot,5,1139.0,1998-06-10,0.0,0,3,1,0,1998,26
2024-01-22,2914,Cold,3,,1998-03-11,0.0,0,4,1,0,1998,26
2024-01-05,2036,Hot,2,1835.0,1985-10-03,1.0,0,4,3,1,1985,39
2024-01-25,2470,Hot,2,115.0,1968-04-11,1.0,0,1,7,1,1968,56
2024-01-29,2376,Cold,5,,1994-11-22,2.0,1,3,4,0,1994,30
2024-01-29,2960,Cold,5,,1978-03-06,1.0,0,1,7,0,1978,46
2024-01-27,2422,Hot,3,449.0,1996-03-20,2.0,0,4,5,0,1996,28
2024-01-03,2638,Hot,5,45.0,1983-08-17,1.0,0,3,1,1,1983,41
2024-01-15,2054,Cold,1,,1980-05-02,2.0,0,1,3,0,1980,44
2024-01-18,2257,Cold,5,,1983-05-08,1.0,0,1,2,0,1983,41
2024-01-22,2050,Cold,5,,1985-02-12,0.0,1,4,6,0,1985,39
2024-01-22,2226,Cold,2,,1996-08-22,0.0,0,5,3,0,1996,28
2024-01-22,2064,Cold,3,,1980-05-16,1.0,0,3,1,0,1980,44
2024-01-11,2614,Hot,2,105.0,1990-01-25,1.0,0,2,1,1,1990,34
2024-01-15,2812,Cold,2,,1979-09-09,2.0,0,1,10,0,1979,45
2024-01-08,2414,Hot,1,225.0,1984-04-27,1.0,0,1,1,1,1984,40
2024-01-22,2822,Cold,3,,1973-09-29,1.0,1,1,3,0,1973,51
2024-01-29,2978,Cold,4,,1967-09-05,1.0,1,3,3,0,1967,57
2024-01-25,2358,Cold,4,,1982-03-08,2.0,0,1,4,0,1982,42
2024-01-29,2637,Cold,1,,1985-07-20,1.0,0,2,1,1,1985,39
2024-01-09,3010,Cold,2,,1977-02-20,1.0,0,1,4,0,1977,47
2024-01-05,2230,Cold,1,,1988-11-15,1.0,0,4,3,0,1988,36
2024-01-15,2922,Hot,2,54.0,1987-11-12,2.0,1,2,10,1,1987,37
2024-01-22,2152,Cold,3,,1976-09-23,2.0,0,3,2,0,1976,48
2024-01-15,2341,Cold,3,,1976-06-14,1.0,0,2,3,0,1976,48
2024-01-23,2279,Cold,2,,1988-12-08,0.0,0,5,1,0,1988,36
2024-01-25,3011,Cold,4,,1975-08-11,2.0,1,1,5,1,1975,49
2024-01-11,2960,Cold,5,,1978-03-06,1.0,0,1,7,0,1978,46
2024-01-16,2178,Cold,2,,1996-10-23,0.0,1,3,6,0,1996,28
2024-01-16,2235,Cold,2,,1989-10-23,0.0,1,2,4,0,1989,35
2024-01-10,2340,Cold,3,,1992-05-26,0.0,1,4,10,0,1992,32
2024-01-31,2042,Cold,4,,1992-08-21,0.0,1,5,5,0,1992,32
2024-01-16,2011,Cold,3,,1990-05-22,2.0,1,3,6,0,1990,34
2024-01-29,2441,Cold,5,,1978-08-10,1.0,0,2,1,0,1978,46
2024-01-03,2084,Hot,3,3.0,1990-08-31,1.0,1,3,1,1,1990,34
2024-01-17,2507,Hot,4,77.0,1973-12-07,1.0,1,3,4,0,1973,51
2024-01-22,2897,Cold,5,,1998-04-26,0.0,1,3,2,0,1998,26
2024-01-24,2907,Cold,2,,1987-01-06,1.0,0,5,7,0,1987,37
2024-01-08,2946,Cold,2,,1985-01-31,2.0,0,1,1,1,1985,39
2024-01-08,2643,Cold,3,,1974-04-02,1.0,0,1,1,0,1974,50
2024-01-08,2945,Cold,1,,1989-04-07,0.0,1,3,3,0,1989,35
2024-01-13,2484,Hot,5,1114.0,1981-06-02,1.0,0,1,2,0,1981,43
2024-01-05,2759,Cold,1,,1984-11-17,2.0,0,1,8,1,1984,40
2024-01-17,2990,Cold,3,,1972-03-12,2.0,1,2,1,1,1972,52
2024-01-22,2981,Cold,1,,1997-07-28,2.0,1,1,2,0,1997,27
2024-01-16,2582,Cold,3,,1990-01-31,1.0,0,3,3,0,1990,34
2024-01-08,2707,Cold,5,,1984-05-07,2.0,1,3,2,0,1984,40
2024-01-10,2421,Cold,1,,1997-11-08,0.0,0,2,2,0,1997,27
2024-01-20,2017,Hot,4,1028.0,1996-07-02,0.0,1,1,4,0,1996,28
2024-01-22,2461,Cold,2,,1999-09-11,,0,1,4,0,1999,25
2024-01-09,2124,Cold,4,,1973-06-12,1.0,0,1,3,0,1973,51
2024-01-08,3019,Hot,1,104.0,1985-03-28,1.0,0,3,3,1,1985,39
2024-01-13,2681,Hot,4,80.0,1972-03-30,1.0,0,6,3,0,1972,52
2024-01-10,2763,Cold,2,,1980-08-28,2.0,1,3,4,0,1980,44
2024-01-08,2216,Cold,3,,1978-05-01,1.0,0,4,9,0,1978,46
2024-01-17,2424,Cold,3,,1999-09-14,0.0,0,3,2,0,1999,25
2024-01-17,2595,Cold,2,,1984-12-31,1.0,0,1,1,1,1984,40
2024-01-05,2899,Cold,5,,1981-08-05,2.0,0,1,6,0,1981,43
2024-01-11,2133,Hot,4,81.0,1966-05-07,1.0,1,1,5,1,1966,58
2024-01-30,2867,Cold,5,,1981-07-15,2.0,0,3,5,0,1981,43
2024-01-08,2397,Hot,3,162.0,1996-12-24,0.0,0,3,2,1,1996,28
2024-01-22,2375,Hot,1,1033.0,1989-10-23,1.0,0,1,6,0,1989,35
2024-01-08,2357,Hot,1,1849.0,1997-07-02,0.0,0,6,5,0,1997,27
2024-01-29,2211,Hot,5,67.0,1974-03-04,1.0,0,2,2,0,1974,50
2024-01-14,2431,Hot,3,738.0,1990-07-31,1.0,1,1,1,1,1990,34
2024-01-15,2579,Cold,5,,1967-09-04,2.0,1,2,3,0,1967,57
2024-01-30,2023,Cold,5,,1983-04-19,1.0,0,2,4,0,1983,41
2024-01-22,2628,Cold,5,,1997-05-18,0.0,0,1,4,0,1997,27
2024-01-13,2311,Hot,5,469.0,1991-08-07,0.0,1,2,4,0,1991,33
2024-01-23,2780,Cold,1,,1985-12-01,1.0,0,1,2,0,1985,39
2024-01-15,2203,Cold,2,,1974-08-02,2.0,0,2,2,1,1974,50
2024-01-24,2330,Cold,1,,1980-11-12,2.0,0,1,4,1,1980,44
2024-01-13,2551,Hot,1,1446.0,1987-08-18,1.0,0,4,7,0,1987,37
2024-01-08,3002,Hot,5,267.0,1980-01-13,2.0,1,2,1,1,1980,44
2024-01-17,3024,Hot,2,120.0,1996-05-10,0.0,1,3,1,1,1996,28
2024-01-25,2875,Cold,4,,1979-07-09,1.0,1,2,3,0,1979,45
2024-01-27,2127,Hot,3,937.0,1981-02-28,1.0,0,2,10,0,1981,43
2024-01-22,2027,Cold,3,,1961-11-16,1.0,1,3,2,0,1961,63
2024-01-10,2789,Cold,1,,1981-03-08,1.0,1,2,6,0,1981,43
2024-01-31,2496,Cold,5,,1965-09-04,2.0,0,1,2,0,1965,59
2024-01-13,2189,Hot,3,1939.0,1974-06-24,1.0,1,6,6,0,1974,50
2024-01-06,2120,Hot,2,42.0,1989-06-27,0.0,0,1,2,1,1989,35
2024-01-29,2385,Cold,1,,1998-08-14,0.0,1,3,2,0,1998,26
2024-01-29,2674,Cold,5,,1972-01-16,1.0,1,3,1,0,1972,52
2024-01-15,2837,Cold,2,,1980-09-28,1.0,0,1,2,1,1980,44
2024-01-19,2052,Cold,4,,1983-01-16,1.0,0,1,1,0,1983,41
2024-01-11,2848,Cold,1,,1995-02-01,2.0,0,1,3,1,1995,29
2024-01-08,2573,Cold,3,,1987-12-08,2.0,1,3,9,0,1987,37
2024-01-15,2451,Cold,3,,1996-06-20,0.0,1,4,2,0,1996,28
2024-01-17,2138,Cold,5,,1991-10-04,0.0,1,2,1,0,1991,33
2024-01-19,2488,Cold,3,,1998-07-02,0.0,1,4,2,0,1998,26
2024-01-31,2627,Cold,5,,1987-06-15,2.0,1,3,7,0,1987,37
2024-01-29,2069,Cold,3,,1987-09-19,1.0,0,2,1,0,1987,37
2024-01-25,2699,Hot,2,1654.0,1988-05-03,1.0,0,2,1,1,1988,36
2024-01-31,2956,Cold,5,,1996-02-09,0.0,1,3,2,0,1996,28
2024-01-12,2790,Cold,5,,1981-09-25,2.0,0,3,4,0,1981,43
2024-01-18,2139,Hot,1,1112.0,1972-01-31,1.0,0,4,2,0,1972,52
2024-01-18,2440,Cold,5,,1977-03-11,1.0,0,4,4,0,1977,47
2024-01-23,2924,Cold,5,,1994-02-15,0.0,0,3,2,0,1994,30
2024-01-19,2200,Cold,1,,1986-02-20,2.0,1,3,5,1,1986,38
2024-01-11,2136,Hot,3,1578.0,1974-02-08,1.0,0,3,1,0,1974,50
2024-01-29,2033,Hot,1,1873.0,1985-12-04,0.0,0,3,1,0,1985,39
2024-01-29,2610,Cold,1,,1984-04-07,2.0,0,3,3,0,1984,40
2024-01-22,2807,Cold,1,,1980-02-12,2.0,1,1,4,1,1980,44
2024-01-13,2198,Hot,3,23.0,1980-01-22,1.0,1,2,3,1,1980,44
2024-01-08,2175,Cold,2,,1980-01-07,2.0,0,6,3,0,1980,44
2024-01-12,2029,Hot,2,17.0,1974-07-17,1.0,0,3,7,1,1974,50
2024-01-27,2704,Hot,1,1974.0,1974-10-03,1.0,0,3,2,1,1974,50
2024-01-18,2814,Cold,4,,1995-06-11,0.0,0,2,5,0,1995,29
2024-01-08,2973,Cold,5,,1996-06-09,0.0,1,1,1,0,1996,28
2024-01-07,2727,Hot,3,93.0,1976-06-27,1.0,0,3,5,0,1976,48
2024-01-07,2853,Hot,3,466.0,1981-06-30,1.0,1,3,5,0,1981,43
2024-01-16,2818,Cold,1,,1973-10-24,2.0,0,2,8,0,1973,51
2024-01-26,2733,Cold,1,,1972-08-30,2.0,1,3,5,1,1972,52
2024-01-27,2288,Hot,1,109.0,1973-01-22,1.0,1,1,1,1,1973,51
2024-01-15,3031,Hot,3,422.0,1978-08-21,1.0,0,2,5,0,1978,46
2024-01-22,3003,Cold,3,,1991-07-18,0.0,1,3,3,0,1991,33
2024-01-19,2369,Cold,3,,1985-06-02,2.0,0,1,4,1,1985,39
2024-01-11,2407,Cold,5,,1982-06-16,1.0,1,3,9,0,1982,42
2024-01-15,2479,Cold,3,,1967-10-10,1.0,0,3,3,0,1967,57
2024-01-19,2225,Cold,4,,1994-02-22,1.0,0,3,4,0,1994,30
2024-01-24,2183,Hot,5,1170.0,1985-06-06,1.0,0,1,2,0,1985,39
2024-01-08,2309,Cold,3,,1983-05-21,1.0,1,1,6,1,1983,41
2024-01-18,2545,Hot,4,47.0,1985-07-10,1.0,0,4,3,1,1985,39
2024-01-15,2490,Cold,5,,1995-11-04,0.0,0,3,3,0,1995,29
2024-01-16,2667,Hot,2,507.0,1982-03-17,1.0,0,4,3,0,1982,42
2024-01-29,2313,Cold,5,,1991-03-09,0.0,0,1,1,0,1991,33
2024-01-08,2159,Cold,4,,1978-06-17,2.0,0,1,2,0,1978,46
2024-01-10,2339,Cold,4,,1996-06-29,0.0,0,4,5,0,1996,28
2024-01-16,2504,Cold,3,,1980-09-03,2.0,0,3,1,0,1980,44
2024-01-10,2363,Cold,3,,1983-01-28,1.0,1,1,1,0,1983,41
2024-01-22,2448,Cold,1,,1985-02-24,1.0,0,1,2,0,1985,39
2024-01-26,2705,Hot,5,1623.0,1971-05-23,1.0,1,1,2,0,1971,53
2024-01-16,2098,Hot,4,375.0,1981-09-17,1.0,0,1,2,0,1981,43
2024-01-16,2858,Cold,4,,1993-12-19,0.0,1,6,8,0,1993,31
2024-01-26,2772,Cold,3,,1994-01-15,0.0,1,1,10,0,1994,30
2024-01-29,2486,Cold,1,,1982-05-16,1.0,0,3,1,1,1982,42
2024-01-20,2975,Hot,3,82.0,1991-03-10,1.0,0,1,5,1,1991,33
2024-01-22,2695,Cold,3,,1976-07-18,1.0,0,1,1,0,1976,48
2024-01-17,2443,Hot,4,457.0,1985-03-22,1.0,0,1,3,0,1985,39
2024-01-15,2530,Cold,3,,1973-06-03,1.0,0,6,5,0,1973,51
2024-01-26,2205,Hot,1,83.0,1976-05-08,1.0,0,3,1,1,1976,48
2024-01-17,2377,Cold,3,,1988-09-30,2.0,1,1,5,0,1988,36
2024-01-22,2671,Hot,4,43.0,1984-11-01,1.0,1,2,1,1,1984,40
2024-01-29,2390,Cold,2,,1977-09-24,2.0,0,3,4,1,1977,47
2024-01-08,2212,Cold,5,,1992-04-06,0.0,0,2,2,0,1992,32
2024-01-17,2587,Cold,5,,1976-12-23,1.0,0,3,1,0,1976,48
2024-01-26,2719,Hot,4,48.0,1993-04-21,1.0,0,4,7,0,1993,31
2024-01-16,2478,Cold,3,,1990-05-19,0.0,0,6,2,0,1990,34
2024-01-05,3016,Cold,1,,1975-12-16,,0,1,1,1,1975,49
2024-01-13,2860,Hot,5,37.0,1994-05-22,0.0,0,2,5,0,1994,30
2024-01-05,2792,Hot,2,85.0,1996-12-28,0.0,1,1,1,1,1996,28
2024-01-29,2289,Hot,4,81.0,1978-08-12,2.0,0,5,4,1,1978,46
2024-01-22,2824,Cold,2,,1989-03-20,2.0,0,3,1,0,1989,35
2024-01-07,2806,Hot,3,1220.0,1978-03-18,1.0,1,3,2,1,1978,46
2024-01-29,2803,Cold,5,,1974-06-19,1.0,0,1,8,0,1974,50
2024-01-22,2332,Cold,3,,2000-07-02,2.0,1,2,6,0,2000,24
2024-01-22,2316,Cold,5,,1984-04-18,2.0,0,1,3,0,1984,40
2024-01-31,2578,Cold,5,,1969-05-10,1.0,0,1,1,0,1969,55
2024-01-08,3004,Cold,4,,1980-02-29,2.0,0,2,2,0,1980,44
2024-01-24,2826,Hot,3,41.0,1989-08-15,1.0,1,1,5,1,1989,35
2024-01-23,2679,Hot,2,16.0,1984-11-07,1.0,0,2,4,1,1984,40
2024-01-14,2636,Hot,2,4.0,1987-08-12,0.0,0,3,2,1,1987,37
2024-01-09,2417,Cold,1,,1984-09-14,2.0,1,1,1,1,1984,40
2024-01-22,2979,Cold,3,,1976-11-23,1.0,1,3,1,0,1976,48
2024-01-30,2110,Cold,5,,1980-03-03,1.0,1,3,6,0,1980,44
2024-01-13,2762,Hot,3,742.0,1987-07-29,1.0,1,3,4,1,1987,37
2024-01-31,2517,Cold,3,,1995-09-05,0.0,1,3,2,0,1995,29
2024-01-09,2566,Cold,3,,1971-09-13,2.0,0,1,1,1,1971,53
2024-01-15,2632,Cold,2,,1991-02-10,2.0,1,3,3,1,1991,33
2024-01-23,2549,Cold,2,,1995-04-05,1.0,0,3,1,1,1995,29
2024-01-22,2502,Cold,4,,1995-06-12,1.0,0,3,2,0,1995,29
2024-01-24,2430,Cold,4,,1990-10-04,2.0,0,1,1,0,1990,34
2024-01-23,2177,Hot,4,2.0,1988-03-01,1.0,0,6,4,1,1988,36
2024-01-03,2534,Hot,3,239.0,1987-05-15,1.0,1,1,2,1,1987,37
2024-01-06,2783,Hot,4,43.0,1986-10-14,1.0,1,2,7,1,1986,38
2024-01-08,2062,Cold,1,,1983-02-16,1.0,1,4,3,1,1983,41
2024-01-26,2754,Hot,5,403.0,1967-05-18,1.0,0,3,1,0,1967,57
2024-01-10,2395,Cold,5,,1981-03-31,2.0,0,3,3,0,1981,43
2024-01-08,2344,Cold,5,,1993-08-18,2.0,0,1,3,0,1993,31
2024-01-29,2926,Cold,4,,1990-05-20,2.0,1,1,2,0,1990,34
2024-01-19,2010,Hot,3,109.0,1991-12-19,1.0,0,1,2,1,1991,33
2024-01-30,2481,Cold,4,,1989-11-19,2.0,1,1,6,0,1989,35
2024-01-19,2447,Cold,2,,1985-04-22,1.0,1,2,3,0,1985,39
2024-01-09,2468,Cold,4,,1993-02-27,1.0,0,2,7,0,1993,31
2024-01-22,2194,Cold,4,,1977-08-25,1.0,1,4,1,0,1977,47
2024-01-23,2148,Cold,2,,1988-03-25,1.0,1,3,3,0,1988,36
2024-01-16,2410,Cold,5,,1999-01-09,0.0,1,1,8,0,1999,25
2024-01-11,2026,Cold,5,,1982-09-19,2.0,1,4,1,0,1982,42
2024-01-08,2164,Cold,4,,1969-12-23,1.0,1,1,1,0,1969,55
2024-01-24,2782,Hot,4,247.0,1983-02-24,1.0,1,4,8,0,1983,41
2024-01-19,2233,Cold,1,,1995-09-02,0.0,0,5,2,0,1995,29
2024-01-15,2619,Cold,3,,1991-02-10,0.0,0,4,1,0,1991,33
2024-01-26,2961,Cold,4,,1989-09-29,2.0,1,4,2,0,1989,35
2024-01-21,2770,Hot,3,91.0,1999-12-20,0.0,1,4,8,0,1999,25
2024-01-12,2525,Cold,4,,1981-10-15,1.0,0,4,3,0,1981,43
2024-01-15,2232,Cold,3,,1971-08-26,1.0,1,6,5,0,1971,53
2024-01-31,2361,Hot,2,1306.0,1991-04-09,1.0,0,1,1,1,1991,33
2024-01-09,2533,Cold,5,,1996-03-06,0.0,0,6,1,0,1996,28
2024-01-22,2972,Cold,4,,1994-01-31,0.0,0,2,1,0,1994,30
2024-01-03,2101,Hot,2,39.0,1968-06-07,1.0,0,3,2,1,1968,56
2024-01-12,2095,Cold,4,,1979-01-17,0.0,1,1,5,0,1979,45
2024-01-22,2974,Cold,5,,1999-01-05,,0,2,8,0,1999,25
2024-01-26,2085,Hot,5,419.0,2005-12-27,0.0,0,2,3,0,2005,19
2024-01-01,2169,Hot,3,1708.0,1971-02-03,2.0,0,1,6,0,1971,53
2024-01-16,2620,Cold,5,,1986-08-13,1.0,1,3,2,0,1986,38
2024-01-18,2508,Hot,1,19.0,1997-06-10,0.0,0,1,5,1,1997,27
2024-01-24,2589,Cold,3,,2000-08-26,2.0,0,2,2,0,2000,24
2024-01-28,2014,Hot,5,1342.0,1975-12-05,1.0,1,1,3,0,1975,49
2024-01-30,2302,Cold,4,,1966-01-13,1.0,0,2,5,0,1966,58
2024-01-08,2278,Cold,3,,1979-11-25,2.0,1,3,2,1,1979,45
2024-01-10,2557,Cold,2,,1973-04-05,1.0,0,3,2,0,1973,51
2024-01-18,2338,Hot,5,443.0,1984-10-16,1.0,0,1,2,0,1984,40
2024-01-15,2649,Cold,2,,1984-10-02,1.0,0,3,2,0,1984,40
2024-01-29,2265,Cold,1,,1997-09-08,0.0,0,4,2,0,1997,27
2024-01-25,2590,Hot,5,92.0,1984-07-17,1.0,0,1,2,0,1984,40
2024-01-08,2765,Cold,4,,1985-02-28,0.0,1,1,5,0,1985,39
2024-01-17,2866,Cold,2,,1979-08-14,2.0,0,6,4,0,1979,45
2024-01-22,2851,Hot,3,36.0,2000-02-02,0.0,0,2,5,1,2000,24
2024-01-24,2013,Hot,2,1010.0,1997-07-06,0.0,0,1,5,0,1997,27
2024-01-16,2217,Hot,1,4.0,1975-09-01,1.0,0,2,3,1,1975,49
2024-01-24,2833,Hot,5,974.0,1986-09-16,2.0,0,1,4,0,1986,38
2024-01-18,2511,Cold,5,,1974-02-14,1.0,1,4,2,0,1974,50
2024-01-11,2171,Cold,2,,1991-09-12,2.0,1,4,5,0,1991,33
2024-01-07,2697,Hot,3,6.0,1995-01-13,0.0,0,6,1,1,1995,29
2024-01-16,2301,Cold,1,,1976-08-24,1.0,0,2,1,1,1976,48
2024-01-16,2977,Cold,3,,1982-07-04,1.0,1,3,2,0,1982,42
2024-01-12,2553,Hot,4,118.0,1993-12-04,1.0,1,2,1,1,1993,31
2024-01-08,2709,Hot,1,100.0,1999-06-13,0.0,0,3,2,1,1999,25
2024-01-15,2022,Cold,1,,1992-02-22,1.0,0,2,8,0,1992,32
2024-01-22,2066,Cold,2,,1974-10-16,2.0,0,1,6,0,1974,50
2024-01-05,2082,Hot,5,758.0,2001-06-24,0.0,1,4,9,0,2001,23
2024-01-12,2876,Cold,5,,1977-03-28,1.0,1,2,2,0,1977,47
2024-01-09,2689,Cold,1,,1989-10-20,0.0,0,3,2,0,1989,35
2024-01-12,3000,Cold,3,,1997-06-03,0.0,0,1,1,0,1997,27
2024-01-17,2404,Cold,3,,1987-03-05,1.0,1,1,2,1,1987,37
2024-01-30,2799,Cold,5,,1980-11-05,2.0,0,1,1,0,1980,44
2024-01-31,2737,Hot,3,169.0,1986-02-21,1.0,0,3,5,1,1986,38
2024-01-19,2477,Hot,3,1205.0,1987-03-07,2.0,0,3,6,1,1987,37
2024-01-30,2707,Cold,5,,1984-05-07,2.0,1,3,2,0,1984,40
2024-01-06,3001,Hot,5,25.0,2002-06-25,0.0,0,1,4,1,2002,22
2024-01-08,2751,Cold,5,,1999-01-04,,1,6,6,0,1999,25
2024-01-22,2677,Cold,2,,1989-10-18,1.0,0,2,6,0,1989,35
2024-01-09,2992,Cold,4,,1991-08-11,1.0,0,2,2,0,1991,33
2024-01-16,2489,Cold,3,,1996-05-10,1.0,0,2,1,0,1996,28
2024-01-03,2227,Hot,2,927.0,1999-10-22,1.0,1,4,1,0,1999,25
2024-01-01,2545,Hot,4,47.0,1985-07-10,1.0,0,4,3,1,1985,39
2024-01-23,2032,Cold,1,,1995-02-01,2.0,0,4,5,1,1995,29
2024-01-31,2409,Hot,4,1165.0,1987-05-03,0.0,0,1,1,0,1987,37
2024-01-14,2275,Hot,4,24.0,1994-12-13,0.0,0,3,1,0,1994,30
2024-01-16,2187,Cold,4,,1976-12-28,1.0,1,2,2,0,1976,48
2024-01-29,2158,Cold,3,,1998-03-29,0.0,0,2,6,0,1998,26
2024-01-30,2103,Cold,2,,1980-05-09,1.0,1,1,6,0,1980,44
2024-01-05,2942,Hot,1,74.0,1986-01-12,1.0,0,6,1,1,1986,38
2024-01-22,2380,Cold,1,,1993-09-10,2.0,0,2,1,1,1993,31
2024-01-22,2497,Cold,4,,1978-04-10,1.0,0,6,2,0,1978,46
2024-01-29,2097,Cold,3,,1967-09-27,1.0,0,3,2,0,1967,57
2024-01-09,2501,Cold,2,,1988-07-25,1.0,0,1,6,0,1988,36
2024-01-09,2399,Cold,3,,1997-06-15,0.0,1,3,3,0,1997,27
2024-01-17,2396,Cold,1,,1979-01-13,1.0,0,3,1,0,1979,45
2024-01-09,2415,Cold,2,,1990-08-18,0.0,1,3,4,0,1990,34
2024-01-21,2155,Hot,2,1851.0,1999-05-30,0.0,1,1,3,1,1999,25
2024-01-29,2678,Cold,3,,1978-06-29,2.0,0,2,4,0,1978,46
2024-01-30,2734,Hot,3,104.0,1997-11-05,0.0,0,1,2,1,1997,27
2024-01-13,2381,Hot,3,107.0,1976-05-05,1.0,0,1,2,1,1976,48
2024-01-29,2900,Cold,3,,1982-05-25,2.0,1,2,2,0,1982,42
2024-01-01,2552,Hot,3,50.0,1998-07-16,0.0,1,1,2,1,1998,26
2024-01-29,2465,Cold,3,,1998-01-08,,1,4,1,0,1998,26
2024-01-29,2565,Cold,3,,1984-04-01,2.0,0,3,4,0,1984,40
2024-01-17,2038,Hot,5,86.0,1993-11-06,1.0,1,2,1,0,1993,31
2024-01-08,2355,Cold,4,,1980-03-06,2.0,0,3,5,0,1980,44
2024-01-30,2389,Cold,5,,1993-02-25,2.0,1,4,2,0,1993,31
2024-01-03,3021,Hot,5,1215.0,1982-07-01,1.0,0,1,10,0,1982,42
2024-01-14,2262,Hot,2,19.0,1978-11-01,1.0,1,5,2,1,1978,46
2024-01-11,2079,Cold,5,,1979-09-15,1.0,0,2,1,0,1979,45
2024-01-22,2835,Hot,4,56.0,1975-08-30,1.0,0,1,1,1,1975,49
2024-01-24,2425,Cold,3,,1980-12-09,1.0,1,4,5,0,1980,44
2024-01-29,2698,Hot,2,691.0,1981-03-27,1.0,1,3,8,1,1981,43
2024-01-30,2816,Hot,1,36.0,1986-12-02,1.0,1,3,3,1,1986,38
